commodity,Albania,Algeria,Angola,Antigua_and_Barbuda,Argentina,Armenia,Australia,Austria,Azerbaijan,Bahamas,Bangladesh,Barbados,Belarus,Belgium,Belize,Benin,Bermuda,Bolivia_Plurinational_State_of,Bosnia_and_Herzegovina,Botswana,Brazil,Brunei_Darussalam,Bulgaria,Burkina_Faso,Burundi,Cabo_Verde,Cambodia,Cameroon,Canada,Central_African_Republic,Chad,Chile,China,Colombia,Comoros,Congo,Costa_Rica,Côte_d'Ivoire,Croatia,Cuba,Cyprus,Czech_Republic,Democratic_People's_Republic_of_Korea,Democratic_Republic_of_the_Congo,Denmark,Djibouti,Dominica,Dominican_Republic,Ecuador,Egypt,El_Salvador,Eritrea,Estonia,Ethiopia,Fiji,Finland,France,French_Polynesia,Gabon,Gambia,Georgia,Germany,Ghana,Greece,Grenada,Guatemala,Guinea,Guinea-Bissau,Guyana,Haiti,Honduras,Hungary,Iceland,India,Indonesia,Iran_Islamic_Republic_of,Ireland,Israel,Italy,Jamaica,Japan,Jordan,Kazakhstan,Kenya,Kiribati,Kuwait,Kyrgyzstan,Lao_People's_Democratic_Republic,Latvia,Lebanon,Lesotho,Liberia,Libya,Lithuania,Luxembourg,Madagascar,Malawi,Malaysia,Maldives,Mali,Malta,Mauritania,Mauritius,Mexico,Mongolia,Montenegro,Morocco,Mozambique,Myanmar,Namibia,Nepal,Netherlands,Netherlands_Antilles,New_Caledonia,New_Zealand,Nicaragua,Niger,Nigeria,Norway,Occupied_Palestinian_Territory,Pakistan,Panama,Paraguay,Peru,Philippines,Poland,Portugal,Republic_of_Korea,Republic_of_Moldova,Romania,Russian_Federation,Rwanda,Saint_Kitts_and_Nevis,Saint_Lucia,Saint_Vincent_and_the_Grenadines,Samoa,Sao_Tome_and_Principe,Saudi_Arabia,Senegal,Serbia,Seychelles,Sierra_Leone,Slovakia,Slovenia,Solomon_Islands,South_Africa,Spain,Sri_Lanka,Sudan_former,Suriname,Swaziland,Sweden,Switzerland,Syrian_Arab_Republic,Tajikistan,Thailand,The_former_Yugoslav_Republic_of_Macedonia,Timor-Leste,Togo,Trinidad_and_Tobago,Tunisia,Turkey,Turkmenistan,Uganda,Ukraine,United_Arab_Emirates,United_Kingdom,United_Republic_of_Tanzania,United_States_of_America,Uruguay,Uzbekistan,Vanuatu,Venezuela_Bolivarian_Republic_of,Viet_Nam,Yemen,Zambia,Zimbabwe
Wheat,31.8,46.4,7.7,12.9,18.1,32.6,19.9,21.1,48.9,8.5,4,13,11.6,22.4,13.5,2.4,12.6,11.7,18.6,8.8,10.2,10.1,26.7,1.7,1.1,9.7,0.3,4,20.4,1.4,2.5,23.3,19,5.9,4.1,11.9,8.2,4.1,23.2,9.4,16.8,21.7,3.7,1.5,19,25.7,16.8,6,7.7,35.2,6.6,12.6,17.9,9.6,20.5,20.7,24.5,13.6,13.4,7.3,33.9,19.3,4,30.9,9.9,7.9,3.5,2.5,13.5,7.2,7.5,27,22,14.4,4,40.8,27.4,28.1,32.3,18.8,10.7,31.4,33.9,5.8,13.2,24.8,30.4,0.4,15.4,23.6,9.8,4.1,34.7,28.1,19.9,1.3,1.4,12.1,12.5,2.3,30,26.1,23,6.3,24.5,12.9,41.5,5.4,0.9,5.2,10.5,18.3,17.2,18.3,17.9,5.1,1.1,4.3,24.6,23,22.8,8,5.5,10.7,4.8,27.6,24.5,11.7,30,32.7,30.5,2.3,12.1,19.4,15.1,10.8,11.8,23.8,7.7,24.5,11.7,2.7,23.1,20.9,4.7,15.6,20.3,9.5,9.1,10.6,11.5,18.8,20.6,38.5,31.6,3.7,21.6,2.1,2.3,17,49.7,49.2,45.1,2.9,25.3,26.1,24.9,3.8,19.6,23.5,40.2,8.9,12,3.1,26.8,3.1,6.6
Rice_Milled_Equivalent,1.2,0.4,1,1.5,1.6,1.1,2,0.7,0.5,5.1,32.4,3.3,0.5,1.6,6.2,6.6,0.5,5.5,0.3,1.7,6.9,13.6,0.7,4.7,1.1,10.2,31.2,5.3,1.9,1.4,1.4,1.8,14.7,7.1,13.2,1.6,9.1,12.2,0.5,11.8,0.9,0.8,13,1.2,0.9,7.8,2,10.2,8.5,7.8,1.9,0,0.3,0.1,9.1,0.8,1,5.8,6.7,11.5,0.4,0.9,4.9,1.3,1.7,0.9,23.3,18.9,15.7,8,3.2,1.2,0.6,12.7,23.3,4.2,0.9,1.8,1.2,5.4,10.3,5.2,1.6,1.5,7.8,11.9,1.8,34.3,0.4,2.3,1,19.3,2.6,0.5,0.6,23.4,1.1,13,10.5,11.9,1,5.7,9.8,1.2,0.8,0.4,0.2,3.6,28.2,0.4,15.1,0.5,6.8,4.4,1.9,8,1.5,4.2,0.9,6,3.3,12.4,0.7,10.4,21.2,0.1,2.8,15.6,0.5,0.6,0.9,1.8,4.4,2.2,4.5,2.1,4,7.3,14.3,0.2,6.8,17.2,0.8,0.6,10.9,2.8,2.4,19.1,0.2,12.4,3.2,1.1,1,2.3,1,23.2,0.4,10.6,4.4,3.6,0.2,1.5,2.4,0.9,0.6,8.7,1.2,3.8,1.6,3.8,0.9,8.5,6.1,28.3,3.4,0.5,0.5
Barley,0,2.8,0,1.3,,0.5,,0.1,0,0.8,0,0,0.9,0,0,0,0,0,0.2,0,0,0.1,0.3,,,,0,0.4,0.1,,,0.2,0,0.2,,0,0.7,0,0,,0,0,0.3,,0,0,1,0,0.1,0.1,0,2.5,0.6,3,0.1,1,0,0.4,,,1.6,0.1,0,0,1.1,0,,,0,,0,0,0,0.2,0,0.2,0.1,0.1,0.1,0.1,0.1,0.1,1.4,0,0,0,0.3,0,3.2,0.1,0,0,2.2,1.3,0.3,,0,0.1,0,0,0,0.1,0.1,0,0.5,0.7,5.7,0,0,,0.2,0.2,0,,0.1,0,0,0,0.7,0,0,0,0,1.2,0,0.8,0.2,0.3,0.2,0.3,0.1,0,,,,0,2.2,0,,0.2,0.2,0,0.2,0.4,0,0,0,0,0,,,0.3,0.3,0,1,0,0,,0,0.1,1.2,0,0.2,0,0.5,,0.1,0,0.1,0.1,0.5,0.3,0,,0,,0
Maize,0.5,2.7,9,0.5,1.8,0.3,0.9,2.9,2.1,1.1,2.1,2.5,0.1,0.3,5.7,12,,6.6,15.4,7.9,4.6,2.4,4,11.7,5.1,6.4,3.7,8,2.5,8.3,2.6,5.5,1.2,7.6,1.2,0.6,2.4,4.7,2.3,6.8,0.4,0,8.5,5.1,0.7,0.1,1.1,1.6,1,15.2,17.8,0.7,1,9.7,0,,2,,3.1,4.3,4.1,2.4,6,0.3,0.9,21.1,2.1,2.8,0.7,5.8,19.2,0,,1.1,6.4,0.5,2.3,4.1,0.7,1,0.2,0.4,0.2,17.7,,0.7,4.6,3.6,0.1,0.1,34.2,0,0.2,0.1,1.5,4,30.5,1.4,0.1,7.4,0.8,1,0.5,26.3,0,2.1,7.3,11.3,0.7,14.8,10.4,0.4,0.1,0.2,0.6,16.6,0.4,6.7,0,0.2,1.9,3.6,13.2,4.9,0.8,,2.7,0.7,1.8,7.2,0.1,3.8,0.1,0.6,2,,4.8,5.3,6.3,3.9,7.3,0.9,,6,0,22.7,0.3,0.4,0.9,0.3,16.9,0.2,0.3,1.3,1.8,0,5.1,15.4,16,1.8,0,2.7,0,4.5,2,0.2,0.6,12.3,1.7,4,0.9,,9.5,2.3,3.1,24.4,23.1
Rye,0.1,0,,,0,0,0.1,2.4,0,0.1,,0,6.7,0.1,,,,0,0.3,0,0,,0.1,,,,0,0,0.1,0,,0.1,0.1,,0,,,0,0.1,,0,1.9,0.6,0,2.7,0,,,0,0,,,3.2,0,0,3.6,0.1,,,0,0,1.8,0,0.1,,0,,,,0,,0.2,0.7,,0,0,0.1,0,0,0,0,0,0.2,,0,,0,,3.8,,,,,3.3,0.5,,0,,,,,0,,0,0.1,0.3,0,,,0,,0.1,,0,0,0,0,0,1.2,0,,,,0,0,6.2,0.5,0,0.2,0.3,1.7,0,,,,,0,0,,0.2,,0,1.4,0.8,,0,0.1,,,,0.1,2.3,0.2,,,0,0,,,,,0.8,,,1.8,,0.1,,0.1,0,,,0,,0,0,
Oats,,0,0,0.8,0.1,0,0.2,0.5,0,0.4,0,0.3,2.1,0,0.2,,,0.2,0,0,0.2,0.3,0,,,0,,0,0.2,0,,0.4,0,0,,0,0.3,0,0,0,0.1,0.4,0.1,0,2.5,0,0.2,0.3,0.6,0,0.1,,0.6,0.2,0.1,1.3,0.1,0,0.1,0,0.2,0.8,0,0,0.2,0,,,0.1,0,0,0,0.8,0,0,0,0.6,0.4,0.1,0.2,0.1,0,0.3,0,,,0,0,1.7,0,0.8,0,0,0.5,0.5,0,0,0.1,0,0,0.4,0,0,0.1,0,,0,0,,0,0,0.4,0.3,,0.7,0.4,0,0,1.1,,0,0.5,0,0,0.1,0.3,0.2,0,0.2,0,0.4,0,0.4,0.5,,,,0.2,,0,0.2,0,0.1,0.1,,0.2,0.1,0,0,0.3,0,0.3,0.3,,,0,0.1,,0,,,0,,0,1,,1.4,0,0.7,0.1,0,,0.5,,0,0,0
Millet,,,0.3,,,,,,,,0,,0,,,0.4,,,,0.2,,0,,11.6,0.1,,,0.4,,0.5,8.3,,0.1,,,,,0.3,,,,,0.2,0.1,,,,,,0,,0.6,,1.3,,,,,,14.7,,0,1.6,,,,0.2,2.5,,,,,,1.6,0,,,,,,0,,0.1,0.2,,,,,,,,,,,,,0.4,,0,11.3,,0.3,,,0,,0,0.3,0.8,3.9,2.2,,,0.1,,,20.5,7.2,,,0.2,,,,,,0,0,,,0.3,0.2,,,,,,0.1,4.2,,,0.8,,,,0,,0.1,3.5,,,,0.1,0,,,,,1.4,,0,,,2.2,0.3,,,0.4,,,,,,,0.7,0.4,0.5
Sorghum,,0,0,,,,,,,,0,,,,1.1,2.8,,,,6.5,,0,,21.6,0.4,,,6.1,,2.5,10.9,,0.1,,,,,0.3,,,,,0.2,0,,0.6,,,,0.7,3.8,18.3,,6.3,,,,,,3.7,,,2.4,,,0.1,0.1,2.2,,0.9,0.8,,,1.4,,,,,,,0,,,0.6,,,,,,,3.4,,,,,0,0.5,,,10.5,,4.5,,,,,0.2,1.7,,0.4,0,,,,,0.2,9.3,9.2,,,0.2,,,,,,,,,,0,3,,,,,,2.2,2,,,0.7,,,,0.4,0,0.3,17.6,,0,,,,,,,,5.6,,0.1,,,1.3,,,,2.1,0.3,,,,,,3,0.5,1.8
Cereals_Other,0,0,,0.1,0.1,0.5,,,0.2,0.2,0,0.3,1,,0,0,1.6,0.5,0.1,0.5,0.3,0.1,,0.4,0,0.1,0,0,0,0,8.7,1.6,0.1,0,0.1,0,0,0.2,0.6,0,0.1,0.2,0,0,,0,0.1,0,0,0,0.2,3.3,2.4,7,0.2,0.3,0,0.1,0,0.1,0.5,0.2,0,0.3,0.1,0.4,1.8,0.2,0.1,0.2,0.2,,,0,0,0,0,0,0,0,0.1,0,0.5,0.1,0.3,0.1,0.1,0.1,0.3,0,0.5,0,0.6,0.1,0.2,0,0,1.6,0,0.4,0.1,0.1,0,0.4,0,0.4,0,0,0.1,0.3,0,0.2,0,0,0.9,0,0.2,0.1,0,2.5,0,0.2,0.1,0.3,0,0.3,0,0,0.3,0,0,0,0.4,0.1,0.1,0,,4.6,0,0.2,0.8,0.3,0.2,0.3,0,0,,0,0,0,0.2,0.1,0.2,0,0.1,0,0,,0.1,0.1,0.2,0.2,,0,0,0.1,0.1,0.1,0.1,0.4,0.5,0.9,0,0,0,0,0
Cassava,,,3.5,0,0,,0,,,0,0,0,,,0,3.6,0,0.3,,,0.7,0.2,,0,1.8,0.2,0.5,2.7,0,2.2,0.5,,0,0.6,2.2,4.6,0.2,2.6,,0.2,,,0,4.4,,,0.1,0.3,0.1,,0.1,,,,0.4,,,0.2,1.6,0.1,,,5.3,,0.1,0,2.4,0.5,0.3,0.4,0.1,,,0.1,0.7,,,,,0,0,,,0.5,,,,0.2,,,,3.2,,,,2.4,1.4,0.3,,0,,,0,0,0,,0,5.2,0.1,0,,,,0.1,0,0.1,0.2,1.1,,,0,0.1,2.1,0.6,0.4,,,0,,,,1.5,,0.1,0,0,0.8,0,0.4,,0.1,1.6,,,0.1,0,,0.2,0,0.1,,,,,,0,,0.3,2.9,0,,,,2.4,,0,,2.4,0,0,,,0.3,0.1,,2.1,0.4
Potatoes,1.4,2.8,1.4,0.5,2.3,2.4,2.2,2.6,3.5,0.7,1.4,2.2,8,3.3,0.5,0,0.7,3.2,3.4,0.2,1,0.4,1.2,0,0,1.1,0,0.2,2.9,0,0.1,2.5,1.7,1.8,0,0.1,0.8,0,2.6,0.6,1.4,2.7,2,0.1,2.8,0.4,0.4,0.3,0.9,1.1,0.5,0,4.1,0.3,1,2.8,2.2,1,0,0.1,1.9,2.9,0,3,0.6,0.3,0,0,0.7,0.1,0.2,2.6,2.2,0.9,0.2,1.6,4.3,1.9,1.6,0.2,0.6,0.6,5,0.3,0,0.8,4.5,0.2,4.5,3.3,1.7,0,1.5,4.3,1.8,0.3,4,0.3,0.6,0.1,1.8,0.4,0.8,0.5,2.1,2,1.3,0.2,0.4,0.6,2.8,4,2.1,1,2.2,0.3,0.1,0.2,2.9,0.8,0.6,0.5,0.1,4.5,0.1,5.1,2.8,0.5,2.6,4.1,5,4.3,0.3,0.6,0.4,0.3,0.1,0.5,0.3,1.7,1.3,0,2.4,2.5,0,1.2,2.8,0.3,0.2,0.8,0.4,2.3,2,1,1.5,0.2,2.8,0.1,0,2.3,1.3,2.3,1.4,0.6,5.8,0.4,4.3,0.5,2.4,1.5,1.5,1.6,1.1,0.2,0.4,0.1,0.2
Sweet_Potatoes,0.1,,1.7,0.1,0.2,,0.1,0,,0.1,0,0.1,,,0,0.2,0,0,,0,0,0,,0.2,3.2,0.4,0.1,0.4,0,,0.2,0,0.7,,0.3,0.1,,0.1,,0.9,,,0.3,0.1,0,,0.2,0.1,0,0.1,0,,,0.1,0.2,0,0,,0.1,,,,0.1,0,0,,0.6,,0,0.4,0,,,0,0.2,,,0.1,0,0.3,0.1,0,,0.9,,0,,0.4,,0,,0.2,,,,0.9,,0,0,0.5,,0,0,0,,,0,1.2,0,0,,0,,0.1,0.1,,0.1,0.4,0,0,0,,0.2,0.3,0.2,0,0,0.1,,0,,2.6,0.1,0,0.1,,,0,0.2,,,0.2,,,4.9,0,0,0.1,0.1,0,0.1,0,0,,,0,,0.3,0,0,,,,2.6,,0,,1.1,0.1,0.5,,,0,0.1,0,0.5,0
Yams,,,,0.1,,,,,,,,0.1,,,0,6.7,,,,,0,,,0.2,0,,,0.5,,3.6,0.9,,0,0.3,0.2,0.1,0.1,7.9,,0.7,,,,0.1,,,1.1,0.1,,,,,,0.1,0.1,,,,2.8,,,,6.4,,0.1,,0.1,,0.1,1,,,,,,,,,,2.3,0.1,,,0,,,,,,,,0.2,,,,,,,,0.2,,0,,,,,,,,,,,,1,,,0,3.9,,,,0.3,,,0,,0,,,,,0.1,0,0.1,0.3,0.7,0.4,,,,,,,,3,,,,0.1,,,,,,,,,,3.8,0,,,,,,,,0,0,,,,0.1,,,,
Roots_Other,,0,,0.1,,,0,,,0,0,0,,,0,0,,0.1,,1.7,,0.1,,0,0.2,0,0.1,0.9,0,1,0.1,,0,0.1,0.5,0.5,0.2,0.1,,0.5,0,,,0.4,,0.1,2.3,0.1,0,0,0.3,0.6,,2.3,1.8,,0,0.6,1.1,0,,,2.1,,0.2,,0.1,1.4,0.4,0.2,0,0,,,0,,,,,0.2,0.1,0,,0,4.8,,,,,0,,0.3,0,,,0.3,0,0,0.3,0,0,,0,0,,,0,0,0,4.4,0.2,,0,0,0,0,0,0.5,,0,0.1,0.1,,0.2,0.1,0,,0,,,0,0.5,0.5,0.2,1.6,5.8,4.6,0,,,0,0,,0.1,4.4,,,0,0,0,1.6,,0,,,0.3,,1.6,0.1,0.4,,0,,,,0.1,,0,0,0,,7.5,0.1,,,,0
Sugar_Cane,,,,,,,,,,,0,,,,,,,,,,0,,,,0,,0,0.2,,,,,0,,,0,,0,,0.3,,,,0,,,,,,0.3,,,,,,,,0.1,0,,,,0,,,,,,,0,,,,0,,,,,,,,,,0.2,,,,0.1,,0,,0.1,,,,0,,0,,,,,,0,,,,0,0,,0.1,,,,,,,0,,,0.1,,,,0,,,,,,,,,,,,,0,,,,,,,,,,0.1,0,0,,,,0,,0,,,,,,,,0,,,,0,,,,,,0,0,,
Sugar_Beet,,,,,,,,,,,,,,,,,,,,,,,,,,,,,,,,,,0,,,,,,,,,,,,,,,,,,,,,,,,,,,,0,,,,,,,,,,,,,,,,,,,,,,,,,,,,,,,,,,,,,,,,,,,,,,,,,0,,,,,,,,0,,,,,,,,,,,,,,,,,,,,,,,,,,,,,,,,,,,,,,,,,,,,,,,,,,,,,,0,,0,,
Sugar_Non-Centrifugal,,,,,,,,,,,0.1,,,,,,,,,,0,,,,,,,,,,,,0,0.3,,,0,,,,,,,0,,,,,0,,0,,,,,,,,,,,,,,,0,,,,0,0,,,0,0,,,,,,0,,,,,,,,,,,,,,,,,,,,,,,0,,,,,0.2,,0,,,,,0,,,,,0.1,0,,,0,,,,,,,,,,,,,,,,,,,,,,,0,,,,,,,,,,,,,,,,,,,,,,,,,0,,,,
Sugar_Raw_Equivalent,,,,,,,,,,,,,,,,,,,,,,,,,,,,,,,,,,,,,,,,,,,,,,,,,,,,,,,,,,,,,,,,,,,,,,,,,,,,,,,,,,,,,,,,,,,,,,,,,,,,,,,,,,,,,,,,,,,,,,,,,,,,,,,,,,,,,,,,,,,,,,,,,,,,,,,,,,,,,,,,,,,,,,,,,,,,,,,,,
Sweeteners_Other,,,,,,,,0,,,,,0,0,,,,,0,,,,0,,,,,,0,,,0,0,,,,,,0,,,0,,,,,,,,,,,,,,0,0,,,,,0,,,,,,,,,,0,,,0,,0,,0,,0.1,,,,,,,,0,,,,,0,,0,,0,,,,,,0,,,,,,,,,,,,,,,,,0,,0,,0,0,,0.1,,0,,,,,,,,,,,,,,,,0,0,0,,,,,0,,,0,,,,0,,0,,,,,0,,0.2,0,,,,,,,
Honey,0,0,0,,0,0,0,0,0,,,,0,0,,,,0,0,,0,,0,,0,,,0,0,0,0,0,0,0,,,0,0,0,0,0,0,,,0,,,0,0,0,0,,0,0,,0,0,,,,0,0,,0,,0,0,,,0,0,0,,0,0,0,0,0,0,0,0,0,0,0,,0,0,,0,0,,,0,0,,0,,0,,0,,,,0,,0,0,0,,,0,0,,,0,,,0,0,0,0,,0,0,0,0,0,0,0,0,0,,,,,0,,0,0,0,,0,0,0,,0,0,,0,,,0,0,0,0,0,0,0,,,0,0,0,0,0,0,0,0,0,0,0,,0,0,0,0,
Beans,2.7,0.8,4.4,0.8,0.2,,0.3,0.1,,0.5,0.2,0.4,,0.5,3.9,8.1,,0.1,3.3,1.8,9.8,0.3,1.1,0,15.5,3.9,1.7,7.2,0.8,0,4,1,0.1,2.1,0,0.7,5.6,0.9,0.4,10,0.9,0.1,7.5,1.1,0.1,1.8,1,2.7,0.2,0.2,9.2,0,0,1.4,0.1,0,0.4,0.6,0,0,,0.1,0.1,1.2,0.9,5,0,0.5,0.1,4.8,5.2,0.5,0.5,1.4,0.7,1.4,1.4,0.6,0.9,1.5,0.9,0.3,,6.7,,0.8,3.2,0.4,,0.8,3.4,,0.1,,0.3,1.9,3,0.9,0,0,1.1,1.8,0.6,5.4,,2,0.5,,2.7,0,0.5,0.2,,0.3,1.1,14.1,0.1,0,0.1,0.5,0.6,1.1,3.5,1.3,0.7,0.5,1.3,0.6,0.2,1.5,,17.4,1.3,3.9,0.1,,2.9,0,0,3.1,0.5,0,0.2,0.6,,1.7,0.7,0.9,0.3,0.2,0.5,0.2,0.2,0.4,0.4,0.4,2.9,4.3,6.3,0.6,0.5,1.5,,6.7,,0.6,0.1,8.6,2,0.7,0,,3.2,1,0.9,0.1,2.3
Peas,0,0.3,,0.2,0.3,,1,0.2,,0,2.1,1.2,,0.8,2.8,0,,0.4,0.5,0.1,0.1,0,0.1,0,3.1,0.2,0.1,0,0.9,0.6,,0.2,0.3,1.1,,0.9,0.1,0.2,0.1,,0,1.2,,0.1,0.5,1.6,0.6,0,0.2,0,0,0.2,0.5,2.1,3.7,0.7,0.3,0.1,,0,,0.2,0,0,0.9,0,0.1,,2.4,0.2,0,1.2,0.1,1.1,0,0,1.1,0.3,1.2,0.2,0.1,0.1,0.2,0.8,,1.1,0.2,,,0.4,1.5,,0.6,2.3,,0.5,0,0.6,0.1,0,0.6,2.2,1.8,0.1,0,1.3,0.6,,0.7,0,0.5,0.5,,0.1,0.4,0.1,0.1,0,0.4,0.6,0.5,0.2,0.4,1.4,0.2,0.6,0.1,0,0.7,0.1,1.1,1.8,0.2,0.7,0.3,,0.3,0.2,0.2,2.5,0,0.5,0.4,1.3,0,0.2,1.3,0.8,0.3,0.9,0,0.8,0.9,0.2,0.4,0,0.8,,0,2,0.8,0,,0.2,0.9,1.2,1.5,0,0.6,0.5,,,0.3,,0.3,0.2,1
Pulses_Other,0.2,2.7,,0.6,0.4,0,0.8,0.1,0,0.3,1.7,2.9,0,0.2,0,1.5,0.8,0.8,0.6,0.6,0.1,0.6,0.2,7.5,0.2,2,0,4.6,3.5,3.9,1.4,0.8,0.4,1.1,7.8,0,0.2,0.3,0.1,8.8,1.3,0.5,0,0.8,0.1,0.3,2.7,2.2,1.2,3.8,0,4.5,0,9.2,0.6,0,0.3,1.3,0.1,0.8,0,0.1,0.3,1,2.8,1.8,2.7,1.3,1.3,1.8,0,0.2,0.1,4.5,0,2,0,3.4,1.5,0.3,0,4.1,0,1.6,0,2.5,0,1.4,0,3.9,,1.4,0.8,0.1,0.2,0.3,5.8,0.4,1.5,4.5,1.5,4.3,3.6,1.3,0.3,0,3.5,3.7,8,4.6,3.6,0.1,1.2,0.7,0.8,0,19.9,5.4,0.3,0.8,2.9,2,1.2,2.7,0.2,0,0.5,0.1,0,0,0,0,3.8,2.3,3.5,0,1.9,1.9,3.3,0,3.2,6.8,0.3,0,5,0.1,1.7,5.9,4.5,0.1,1.4,0.2,0.2,5.1,,0.8,0.7,0,0.4,2.8,4.3,4.5,,2.9,0,6.2,0.2,2.9,0.2,0.7,0,,0.6,0.7,2.3,1.1,1
Treenuts__Total,0.5,0.5,0,,0.1,0.3,0.8,1,0.5,0.3,0.1,0.4,0.4,1,0.8,0.1,0.3,0.6,0.4,0.1,0.1,0.4,0.2,0.1,,0.1,0,0.4,0.9,0,0,0.2,0.4,0,,0,0.2,0.9,0.7,0,1.1,0.5,0.1,0,1,0,0.6,0,0,0.1,0.1,,0.5,0.1,0.1,0.3,0.7,0.2,0,0,0.6,1.2,0.2,1.7,0.3,0.2,0,0.5,0.1,,0,0,0.3,0.2,0.2,2.7,0.4,1.3,1.2,0.2,0.3,0.3,0.3,0.1,0.5,0.4,0.4,,0.4,2.7,0,0.1,1,0.4,0.1,0,0,0.2,2.4,0.1,0.8,0,0.1,0.3,0.3,0.5,1.1,0.2,0.3,0,0.2,1.3,0,0.3,0.6,0,0,0.9,0.7,0.5,0.1,0.1,0,0,0.2,0.3,0.6,0.5,0.3,0.3,0.2,,0.2,0.5,0.4,0,,0.2,0.1,0.5,0.3,0.3,0.4,0.7,0.1,0.1,1.4,0.2,0,,0.3,0.8,1.6,2.3,0.2,0.2,0.6,,0,0.2,1.5,1.3,0.1,0,0.2,0.9,0.4,0.1,0.7,0,0.3,0,0.1,0.7,0.1,0,0
Soyabeans,,0,0,0,0,,0.1,1.8,,0,1.7,0.1,0.1,0,2,,,0,0.5,3.9,2,0.7,0,0.9,0.3,0,2.5,0.4,0.7,,,0,3.2,1,,0,3.1,0,0,0.1,0,0.3,3.9,0.8,0,,,,0,0.2,0.7,,0,0.2,0.3,0,0,0.4,,0,,0.9,0,0,0,0.2,0.1,,0,,0,0.5,0,1.1,1,,0.1,0,0,0,8.2,0,0,0.5,0.3,0.8,0,1.1,0,0,,0.7,0,0,0,0,2.7,0,0,0.1,0,0,0.2,0,0,,0,0,0.5,0.1,0,0,,0.3,0.4,0,0,2.5,0,0,0,1,0,1.4,0,0,0,5.6,,0,0,4.6,,0,1.5,0.1,,0,0,0,2.2,,0,0.5,0,1.2,0,0,,0.2,0.3,0,0.4,1,,1.8,0.3,1.7,0.1,0,0.2,1.7,,0.6,0,0,0,0.1,0,0,,0.1,0,2.3,0.2,0.2,2
Groundnuts_Shelled_Eq,0.1,0.2,1.4,0.2,,0.2,0.6,0.6,0.1,0.8,0,1.9,0.3,0.1,0.3,4.2,0.6,0.4,0.3,0.3,0.1,1.5,0.3,7.9,0.2,0.1,0.6,0.9,1.9,,9.1,0.4,1.5,0.1,0.8,1.9,0.4,1.4,0.5,0.1,0.8,0.4,,1.6,0.2,0.1,0.2,0,0.6,0.6,0.2,0.1,0.2,0.2,0.6,0.7,0.6,0.5,4.8,2.8,0.2,0.7,3.9,0.3,0.4,0.3,2.5,0.6,1.6,1,0.1,0.3,0.5,0.2,2.2,0,0.9,1.3,0.2,0.8,0.5,0.8,0.1,0.3,0,0,0,1.1,0.3,0.9,,0.5,1.7,0.4,0.2,0.1,3,1.1,0.1,1.2,1,0,0.9,0.9,0.1,0.5,0,0.3,1.6,0.2,0,0.6,,0.6,1.4,1.1,4.4,1.5,0.3,0,0,0.2,0.7,0.2,0.6,0.2,0.2,0.6,0.2,0.3,0.4,0.4,1,0.2,0.4,0,0,0.3,1.8,0.5,0.7,3.4,0.3,0.4,0,0.5,0.6,0.1,2.2,0.8,1.4,0.9,0.3,0.7,0.3,0.5,1.3,1.4,2.5,0.9,0.4,0.5,,1.8,0.3,1.4,1.2,2,2.3,0.3,0,3.8,0.1,1.4,0.2,2.7,1.6
Sunflowerseed,,,,,,,,0.2,,,0,0,,,,0,,,,,0,0,0.7,,,,,,,,,,0,,,,0,,,0,0.1,,,,,,,,0,,0,,,0,,,,,,,,0,,,,0,,,,,0,,0.1,,,0,0,0.1,,0,0,0.1,0.3,,,0.2,,,,,,,0,,,,,,,,0.1,,0,0,,0,,,0.2,,0,,,0,0.1,,,,,0,,0,0.3,0,0,,,0,,,,,,,,,,0,,,,,,0.1,,,0.4,,,,0,,,0.2,,,,,,0.1,,,,0.3,,,,0,0.2,,,,0.1,,0,0.4,0
Rape_and_Mustardseed,0,0,,,0,0,0,0,0,1,0,1,0,0,0,0,,0,0,0,0,0,0,0,,0,0,,1,0,0,0,0,0,,0,0,0,0,0,0,1,,0,0,0,0,,0,0,0,,0,0,0,0,0,1,0,0,0,0,0,0,0,0,0,,0,0,0,0,1,0,0,0,0,0,0,0,0,0,0,0,,0,0,,0,0,,,0,0,0,0,0,0,0,0,0,0,0,0,0,0,0,,,0,0,0,,0,0,0,0,0,0,,0,0,0,0,0,0,0,0,0,0,0,0,0,0,0,,,0,0,,0,,1,0,,0,0,0,,,0,0,0,,,0,0,,0,0,0,0,,0,,0,0,0,0,0,0,,0,,,0,0
Cottonseed,,,,,,,,,,,,,,,,,,,,,,,,,,,,,,,,,,,,,,,,,,,,,,,,,,,,,,,,,,,,,,,,,,,,,,,,,,,,,,0,,,,,,,,,,,,,,,,,,,,,,,,,,,,,,,,,,,,,,,,,,,,,,,,,,,,,,,,,,,,,,,,,,,,,,,,,,,,,,,,,,,,,,,,,,,,,,,,,,,
Coconuts_-_Incl_Copra,0,0,0,0.1,0,,0.1,0,0,0,0,0.3,0,0.1,0.1,0,,0,0,0,0.6,0.2,0,0,,0.2,0.1,,0,,,0,0,0.1,1.1,0,0.1,0.1,0,0.3,0,0,,,0.1,,0.8,0.2,0,0,0.3,,0,,1.7,0,0,1.1,,0,0,0,0.2,0,0.8,0.1,0.1,0.1,1.3,0.1,0.1,0,0,0.2,0.8,0,0,0,0,0.6,0,0.1,0,0,5.4,0.1,,,0,0.1,,0,0,0,0,0.1,,0.3,0.4,0,0,,0.1,0,,,0,0,0.4,0.1,0,0,0,0.7,0.1,0,0,0,0,0,0,0.1,0,0,0.1,0,0,0,0,0,0,0,0.5,0.1,0.2,5.5,3.3,0,0.1,,0.9,0,0,0,2.3,0,0,2.6,0,0.1,0,0,0,0,,0.5,0,0,0,0.2,0,0,,0,0,0.4,0,0.3,0,0.1,0,4.1,0,0.1,0,0,0
Sesameseed,,0,0.1,,0,,,0.1,,0,,0,,,,0.6,,,,,0,0,0,0.1,,,1.1,0.1,0.1,3.2,1.4,0,0.1,,,0,,0.1,0,0,0.8,,,0,,0.6,,0,0,0.4,0.1,0,,0,0,0,,,,0.8,0,,0,0.6,,0.7,0,,,0.2,,0,,0.1,0,,0,2.4,,0,0.2,0.4,,0.1,,0.3,,0.7,0,1.3,,,0,,,,,0,,0.2,0.1,,0,0.1,,0,0.1,,0.9,0,0,0,,0,0.1,0,2.3,0,0.1,0.2,,,1,0,0,,,0.2,0,0.1,0,,,,,,,0,0.1,0.1,,0.2,0,0,,,0,0.1,0.2,,,0.1,0.1,0.6,0,0,0.1,,0.1,0,0.5,0.2,,1.5,,0.4,0,,0,0,0.3,,,,0.2,,
Palmkernels,,,,,,,,,,,,,,,,,,,,,,,,,,,,0,,0,,,,,,0,,,,,,,,,,,,,,0,,,,0,0,,,,,,,,,,,,,,,,,,,,,,,0,,,,,,,,,,,,,,,0,,,,,,,,,,,,,,,,,,,,,,,,,,,,,,,,,,,,,,,,,,,,,0,,,,,,,,,,,,,,,,,,,,0,,,,,,,,,,,,,,,,,0,0,
Olives,0.6,0.1,,,0,0,0.1,0,0,,,0,0,0,,0,,0,0,,0,,0.1,,,0,,0,0,,,0,0,0,,,0,0,0,0,0.3,0,,,0,,,0,0,0.2,0,,0,,,0,0,0,,,0,0,,0.6,,0,,,,,0,0,0,0,,0,0,0.1,0.1,,0,0.2,0,,,0,,,0,0.1,,,0.3,0,0,,,0,,,0.1,,0,0,,0,0.1,,,,,0,,0,0,0,,,0,0,,0,0,0,0,0,0,0,0,0,0,,,,,,,0,0,0,,,0,0,,0,0.5,,0,,,0,0,0.2,,0,0.2,,0,0,0.1,0.2,,,0,0,0,,0,0.1,0,,0,,0,,
Oilcrops_Other,,,,0.1,,,,0.3,,0,0,,,,,0,,,0,0,,0,0,0,0,0,0,1.1,0,2.8,0.7,0,0,0,,0.5,,0.2,0.2,,0,0.1,,0.6,,0.3,,,,0,,,,0.1,0,,,,,0,0,0.1,0.1,0,0,,,0.4,,,,0,,0,0,0,0,0.1,,,0,0,,,,0,,,0,0,,0,0,,,0,,0,,0.1,,0.7,0,0,,0,0,0,,0,0,,,,0,,,0.9,,0.3,0.8,,,1,0,0,,0.4,,0,,0,,0.1,,0.4,,0.1,0.1,0,,,0.1,0,,0,0.1,0,0.1,,0.1,,0,0,,0,0.1,,0.4,,0,0.1,,0,,0,0,0.1,0,0,,,0,,0,0.3,
Soyabean_Oil,,,,,,,0,0,0,,,0.1,,,,,,,,,0,,,,,,,,0.1,,,0,0,0,,,,,0,,,0,,,0,,,,,,0,,,,,0,,,,,,0,,,,,,,,,,,,,,0,,0.1,,0.1,0,,,,,,,,0,,,,,,,,,,,,,,,0,,,,,,,,0,,,0,,,,0,,0,0.1,,0,0,0,,,,,,,,,,,,,,,,,,0.1,,,0,,,,,0,,,,,,,,,0.1,0,,,,0,,,0.2,,,,0.1,,,,0
Groundnut_Oil,,,,,,,,,,,,,,0,,,,,,,,,,,,,,,0,,,,,,,,,,,,,,,,0,,,,,,,,,,,0,,,,,,,,,,,,,,,,,,,,,,,,,,,,,,,,,,,,,,,,,,,,,,,,,,,,,,,,0,,,,,,,,,,,,,,0,0,,,,,,,,,,,,,,,,,,,,,,,,,0,,,,,,,,,,,,,,,,,0,,,,,,,,
Sunflowerseed_Oil,0,,,,0,0,0,0.1,0,,,,0,0,,,,,0,,,,0,,,,,,0,,,,,,,,,,,,,0,,,0,,,,,,,,0,,,,,,,,,0,,0.1,,,,,,,,0.1,,,,0,,,0,,,,0.1,,,,0,,,,,,,0,,,,,,,,,,0,,,,,,,,0,,,,,,,,,0,,,,,0,0,,0,0,0.1,,,,,,,,,0.1,,,0,0,,,0,,,,,0,0,,,,0,,,,,0,,,0.1,,,,0,,,,0,,,,
Rape_and_Mustard_Oil,,0,,,,,0,,,,,,0,0,,,,,,,,,,,,,,,0.1,,,,0,,,,,,,,,0,,,0,,,,,,,,,,,0.1,0,,,,,0,,,,,,,,,,,,,,,0,,0,,0,,,,,,,,0.1,,,,,0,,,,,,,,,,0,,,0,,,,,0,,,,,,,0.1,,0,,,,,0,,,,,,,,,,,,,,,,,0.1,0,,,0,,,,,0.1,0,,,,,,,,,,,,,,,,0,,,,,,,,
Cottonseed_Oil,,,,,,,,0,0,,,,,0,,,,,,,,,,,,,,,0,,,,,,,,,,,,,,,,,,,,0,0,0,,,,,,,,,,,,,0,,0,,,,,,,,,,0,,,,,0,,0,,,,0,,,,,,,,,,,,,,,,,0,,,,0,,,,,,,,,,,,,0,,,,,,,,,,,,,,,,,,,,,,,,,0,0,,,,,0,,0,0,,,,,,,0,,,,,,0,0,,0,,0,,,,0
Palmkernel_Oil,,,,,,,,,,,,,,0,,,,,,,0,,,,,,,,0,,,,,,,,0,,,,,,,,0,,,,0,,,,,,,,0,,,,,0,,,,0,,,,,,0,,,0,,0,,,,0,,,,,,,,,,,,,,,,,,,,,,,,,,,,,,,0,,,0,,,,,,,,,,,0,0,,,,,,,,,,,,,,,,,,,,0,,,0,,0,0,,,,,,,,,0,,,,,,,0,,,,,,,,
Palm_Oil,,,,,,,0,0,,,,,,0.1,,,,,0,,,,,,,,,,0,,,,,,,,0,0,0.1,,,0,,,0.1,,,,0,,,,,,,0.1,0,,,,,0,0,,,0,,,,,0,0.1,,,0,,0,,0,,,0,,0.1,,,,,,,,,,,,,,0,,,,,,,,,,,,,,0.1,,,0,,,,0,,0.1,,,,,0.1,0.1,,,,,,,,,,,,,,,,,0,,,0,,,,,0,0,,,0,,,,,,0,,,,,,,0,,,,,,,,0
Coconut_Oil,,,,,,,0,0,,,,0,,0,,,,,,,,,,,,,,,0,,,,,,,,,,,,,,,,0,,,,0,,,,,,,0,0,,,,,0.1,,,,,,,0,,,,,,,,0,,0,0,,,,,,,,,,,,,,,,,,,,,,,,0,,,,,,,0,0.1,,,0,,,,0,,0,,,,,0,0,,,,,,,0.1,,,,,,,,,,,,,0,,,0,,0,,,,,,,,0,,0,,,,,,,0,,,,0,,,,
Sesameseed_Oil,,,,,,,,,,,,,,0,,,,,,,,,,,,,,,0,,,,,,,,,,,,,,,,,,,,,,,,,,,,,,,,,0,,,,,,,,,,,,,,,,,,,,,,,,,,,,,,,,,,,,,,,,,,,,,,,,,,,,,,,,,,,0,,,,,0,,,,,,,,,,,,,,,,,,,,,,0,,,,,,,,0,,,,,,,,,,,,,,,,,,,,,
Olive_Oil,,,,,,,,,,,,,,,,,,,,,,,,,,,,,0,,,,,,,,,,,,,,,,,,,,,,,,,,,,,,,,,,,,,,,,,,,,,,,,,,,,,,,,,,,,,,,,,,,,,,,,,,,,,,,,,,,,,,,,,,,,,,,,,,,,,,,,,,,,,,,,,,,,,,,,,,,,,,,,,,,,,,,,,,,,,,,,,,,,
Ricebran_Oil,,,,,,,,,,,,,,,,,,,,,,,,,,,,,,,,,,,,,,,,,,,,,,,,,,,,,,,,,,,,,,,,,,,,,,,,,,,,,,,,,0,,,,,,,,,,,,,,,,,,,,,,,,,,,,,,,,,,,,,,,,,,,,,,,,,,,,,,,,,,,,,,,,,,,,,,,,,,,,,,,,,,,,,,,,,,,,,,,,
Maize_Germ_Oil,,,,,,,,0,0,,,,,,,,,,,,0,,,,,,,,0,,,,,,,,,,,,,,,,,,,,,,,,,,,,,,,,,,,,,,,,,,,,,,,,,,,,,,,,,,,,,,,,,,,,,,,,,,,,,,,,,,,0,,,,,,,,,,,,,,,,,,,,,,,,,,,,,,,,,,,,,,,,,0,,,,,,,,,,,,,,,,0,,,,,,,,
Oilcrops_Oil_Other,0,0,0,0.1,,0.1,0.1,0.1,0,0,0,0,0,0,0.1,0,0,0,,0,,0.1,0,0,0,0.1,0,0,,0,,0,0,,,0,0,0,0,0,0,0,,0,,0,0,0,0,0,0,,0,0,0,0,0.1,0,0,0,0,0,0,,0.1,0,0,0,,0,0,0,,,0,,0,0,0,0,0,0,,,0,0,0,,,0,0,0,0,0,0,0,0,0,0,0,0.1,0,0,0,0,0,0,0,0,0,0,,0.1,0.1,0,0,0,0,0,0,0,,0,0,0,0,0,0,0,,0,0,0.1,0,0.1,,0.1,0,0,,0,0,0,0,0,0,0,,0,,0,0,0,0,0,0,0,,0,,0,0,0,0,0,0,0,,0,0,0,0,,0,0,0,
Tomatoes,1.1,0.6,0.1,0.4,0.3,1.9,0.6,0.4,0.9,0.6,0,0.1,0.8,0.7,0.1,0.6,0,0.2,0.4,0.1,0.5,0,0.5,0.1,0,0.5,,0.8,0.5,0,,0.4,0.9,0.3,0.1,0,0.6,0.1,0.5,1.3,0.8,0.3,0.1,0,0.5,0.2,0.1,0.6,0.1,3.2,0.4,0,0.4,0,0.2,0.5,0.6,0.2,0.3,0.6,0.4,0.5,0.4,2.6,0.1,0.5,0.1,0,0.1,0.1,0.4,0.5,0.4,0.2,0.1,2,0.4,1.2,1.5,0.2,0.2,0.6,0.9,0.3,0,1,0.8,,0.2,2.1,0,0,1.7,0.2,0.4,0.1,0.1,0,0.4,0.1,1.2,0.1,0.4,0.2,0,0.9,0.6,0,,0.2,0,0.3,0,0.1,0.6,0,0.1,0.3,0.4,1.1,0.1,0.3,0.3,0.1,0.1,0.6,1.4,0.3,0.6,1,0.5,0.1,0.1,0.1,,,0.3,0.7,0.3,0.4,0.6,0.1,0.3,0.3,,0.3,1.5,0.1,0.3,0.1,0.1,0.6,0.7,1.2,0.8,0.1,1,0,0.2,0.2,1.7,2.7,1.1,0,1,1.5,0.5,0.1,1,0.4,1.6,,0.2,,0.3,0,0
Onions,0.6,0.8,0,0.2,0.4,0.6,0.3,0.4,0.6,0.1,0.4,0.3,0.6,0.1,0.1,0.1,0,0.1,0.3,0.1,0.3,0.5,0.1,,,0.2,0,0.2,0.3,0,0,0.5,0.6,0.2,0,0,0.3,0,0.3,0.4,0.4,0.3,0.1,0,0.3,0.3,0.2,0.2,0.1,0.8,0.2,,0.2,0.1,0.4,0.2,0.1,0.3,0.1,,0.2,0.2,0.1,0.6,0.2,0.3,0.1,0.1,0.2,0,0.1,0.2,0.2,0.3,0.2,0.7,0.3,0.4,0.2,0.1,0.4,0.3,0.6,0.1,,0.5,0.7,0,0.3,0.3,,,1.1,0.4,0.1,0,0.1,0.6,0.3,0.1,0.5,0.4,0.4,0.2,0.2,0.3,0.7,0,0.8,0.3,0,0.1,0.2,,,0.1,0.6,0.1,0,0.4,0.4,0.3,0.2,0.5,0.1,0.5,0.5,1.1,0.4,0.6,0.4,0,0.2,0.4,0.1,,0.1,0.4,0.6,0.3,0.1,0,0.2,0.2,0,0.2,0.7,0.6,0.8,0.3,0,0.2,0,0.1,0.9,0,0.5,,0,,0.3,0.8,0.6,0.2,0.5,0.5,0.3,0,0.3,0.2,0.8,,0.3,0.2,0.2,0.1,0
Vegetables_Other,3.3,2.4,0.6,1,1.1,5.3,2.1,2.4,2.3,3.5,0.7,2.5,3.5,3.5,1,0.9,4.3,1.1,6.1,1,0.8,2,1.1,0.5,1.9,1.4,1.2,2.2,2.7,0.7,0.3,1.8,10.1,0.6,0.3,3.3,0.4,1.2,2.3,2.4,2.4,1.7,5.5,1.5,2.7,1.4,2,0.4,0.7,2.9,1.2,0.3,2.3,0.7,1,1.8,2.6,1.8,1.2,0.4,0.9,2.4,0.5,3.6,1.1,1,4.5,0.5,2.3,0.8,0.8,3.7,1.8,2,1.3,2.8,2.9,3.5,3.2,1.8,3,1.8,2.7,1.2,2.2,3.1,2.9,4.8,2.4,3,0.6,0.8,1.7,2.5,2.7,0.5,0.5,1.3,4.6,0.9,5.5,0.7,1.5,1.2,0.9,4.1,2,0.3,3,0.4,3.5,2.6,2.2,2.4,4.2,0.2,0.7,1.5,2.1,3.1,0.7,0.6,0.7,1.3,2.3,2.6,4,7.5,2,3.4,2.7,0.9,1.5,0.9,2.3,0.6,2.3,1.5,0.9,2.5,2.1,1.6,2.1,2.5,0.5,0.9,2.5,0.8,0.9,1.7,0.5,2.1,2.5,2,2.2,1.8,4,0.8,0.6,1.2,3.5,3.3,1.4,0.8,3.1,2.5,2.3,1.2,2.1,1,2.9,1.9,0.8,3.1,0.4,1.1,0.5
Oranges_Mandarines,0.2,0.3,0,0.2,0.3,0,0.2,0.2,0,0.4,0,0.3,0.1,0.2,1.1,0,0,0.2,0.2,0,0.6,0.1,0.1,0,,0.1,0.1,0,0.3,0,,0.1,0.1,0.1,,0,0.1,0,0.2,0.3,0.6,0.2,0,0,0.4,0.1,1.2,0.2,0.1,0.5,0.2,,0.2,0,0.1,0.2,0.4,0.1,0,0,0.2,0.2,0.2,0.6,0.2,0.2,0,0,0.1,0.1,0.2,0.1,0.2,0.1,0.1,0.5,0.7,0.3,0.8,0.5,0.1,0.2,0.1,0,,0.5,0,0.2,0.1,0.4,0,0,0.2,0.2,0.7,0,0,0.1,0.2,0,0.4,0,0.1,0.5,0.1,0.4,0.3,0,,0,0.1,0.4,0,0.1,0.2,0.1,0,0,0.3,0.2,0.2,0.2,0.6,0.2,0,0.1,0.4,0.3,0,0.1,0.1,0,0.2,0.1,0.5,,,0.1,0,0.1,0.1,0,0.1,0.1,0,0.1,0.3,0,0.1,0.3,0.3,0.4,0.2,0.6,0,0.2,0.1,0,0,0,0.2,0.3,0,0,0.1,0.4,0.4,0,0.5,0.3,0,,0.2,0.1,0.1,0,0.1
Lemons_Limes,0,0,,0.1,0.1,0,0,0,0,0.4,0,0,0,0,,,,0,0,0,0,0,0,0,,,0,,0,0,,0.1,0,0,,0,0.1,,0,0,0.1,0,,0,0,0.1,0,0,0,0.1,0.1,,0,0,,0,0,,,,0,0,0,0.1,0,0.1,,0,0,0,0,0,0,0,,0.1,0,0.1,0.1,0.1,0,0,0,0,,0.1,0,0,0,0.1,,,0,0,0,0,,0,0.1,0,0,,0,0.2,0,0.1,0,0,,0,0,0,0,,0,,,,0,0.1,0,,0,0.1,0,0,0,0,0,0,0,0,,,0.2,,,0,,0,,,0,0,,0,0,0,0.1,0,0,0,0,0.1,0,0,0,,,0,0,0.1,,,0,0.1,0,0,0.1,0,0,,0,,0,,0
Grapefruit,,0,,,0,0,0,0,,0.3,0,0,0,0,0.8,,,0,0,,0,,0,0,,,0,,0,0,,,0,,,0,0,0,0,0,0.1,0,,0,0,,1.4,0,0,0,0,,0,,,0,0,0,,,,0,0,0,0.1,0,,,0,0,0,0,0,0,0,0,0,0.1,0,0.1,0,0,0,0,,0,,0,0,0,,,0,0,0,0,,0,,,0,,0,0,,,0,0,,,,0.1,0,0,0,,,,0,0,0,0,0,0,0,0,0,0,0,0,0,,,0.1,0,,,0,,0,,,0,0,,0,0,,0.1,0,0.1,0,0,0,,0.1,0,,,0,0.1,0,,,0,0,0,0,0,0,0,,0,0,0,0,0
Citrus_Other,0,0,0.1,,,0,0,0,0,,0,0,0,0,,,,,0,0,,,0,,,,0,,0,,,0,0,0.2,,,0,0,0,0,0,0,,,0,0,,,0,0,0,,0,0,,0,0,0,0,,0,0,0,0,0.1,0,0.3,,0,0,0,0,,0,,0,0,0,0,,0,0,0,0,,0,0,,0,,,,0,,0,,0,0,0,,0,,0,0,0,,0,,,,0,0,,,0,,,0.3,0,0,,0,,0,0,0,,0,,0,0,,,,,0,,0.1,,,0,0.2,0,0,,0,0,,,0.1,0,0,0,0.1,,0,0,,,0,0.1,0,,0,0,0,0,0,0,,0,,,,0,,0
bananas,0.1,0.1,0.5,0.2,0.3,0.1,0.2,0.2,0.1,0.3,0.1,0.2,0.1,0.1,0.1,0,0.3,0.1,0.2,0.1,0.6,0,0.1,0,3.5,0.5,0.2,1,0.3,0.7,0,0.2,0.1,0,2.5,0.5,0,0.1,0.2,0.4,0.2,0.2,,0.1,0.4,0.1,0.6,0.6,1.5,0.3,0.2,,0.2,0,0.1,0.2,0.1,0.1,0.2,,0,0.2,0,0.1,0.2,0.1,0.4,0.1,0.2,0.5,0.5,0.1,0.4,0.4,0.5,0,0.2,0.3,0.2,0.4,0.2,0.3,0.1,0.5,1,0.3,0,0.2,0.1,0.2,0,0.8,0,0.1,0.1,0.3,0.6,0.2,0.3,0.3,0.3,0,0.2,0.4,0,0.3,0.2,0.1,,0,0.1,0.1,0.2,0.1,0.3,0.1,0,,0.3,0.1,0,0.1,0.1,,1.2,0,0.3,0.1,0,0.1,0.1,0,0,0.4,0.5,2,4.5,0.2,0.1,0.1,0.5,,0.2,0.2,0,0.2,0.2,,0.3,0.5,0,0.3,0.2,0.1,,0.4,0,0,0.1,0.2,0.1,0.1,,0.4,0.1,0.2,0.3,1.4,0.2,0.2,0,1.3,0.2,0.3,0,0,0.2
Plantains,,,,0.1,,,,,,0,,0.1,,0,0.4,,,0.7,,,,,0,0,,,,1.4,,0.2,,,,1.1,,0.4,0.2,1.4,,0.6,0,0,,0.4,0,,0.4,0.8,0.6,,0.4,,,,,0,0,,2.7,,,0,2.9,0,0.1,0,0.9,0.6,0.1,0.3,0.7,,,,,,0,,0,0.2,,,,0.4,,,,,0,,,0.2,,0,0,,0.5,,,,,,,,,,,,0.3,,,0,0.2,0,,0.1,,0.4,,,,0.5,,0.2,,,0,,0,0,,3,,0.1,0.5,,,,,,,0.1,0,,,,0,0.4,,0.4,,0,,,,,0.2,,,0.1,,,,3.1,,,0,0.2,0,,,,0.3,,,,
Apples,0.1,0.1,0,,0.1,0.1,0.1,0.3,0,0.1,0,0.1,0.1,0.1,0,0,0,0,0,0,0,0.1,0.1,,,0,0,0,0.1,,,0.1,0.1,0,,0,0,0,0.1,0,0.1,0,0.2,0,0.1,,,0,0,0.1,0,,0.1,,0,0.1,0.1,0,0,,0,0.2,0,0.1,0.1,0,,,0,0,0,0.3,0.1,0,0,0.2,0.1,0.2,0.2,0,0.1,0.1,0.1,0,,0,0.1,0,0.1,0.1,0,0,0.1,0.1,0.1,0,,0,0,,0.1,0,0,0.1,0,0.1,0.1,0,0,0,0,0.2,0,0,0.1,0,,0,0.1,0,0,0,0,0,0,0.2,0.2,0.1,0.1,0.2,0,,,0,0,,,0,0,0,0,,0.1,0.1,,0.1,0.1,0,0,,0,0.1,0.1,0.1,0,0,0.1,,0,0,0.1,0.2,0,0,0,0,0.1,0,0,0.1,0.1,,0,0,0,0,0
Pineapples,,0,0,,0,0,0.1,0,,0,0,0.1,0,0,0,0.2,,0,0,,0.1,0,0,,,,0,0,0,0,,0,0,0,,0,0.1,0,0,0,0,0,,0,0,0,,0.1,0,0,0,,0,0,0.1,0,0,0.1,0,,0,0,0,0,,0.1,0.1,,0,0,0,0,0,0,0,0,0,0,0,0,0,0,0,0,,0,0,0.1,0,0,0,0,0,0,0,0,,0.1,0.1,0,0,0,0.1,0,0,,0,0,,,0,0.1,,0,0,0,0,0,0,0,0,0.1,0,0.1,0.1,0,0.1,0,0,0,0,0,,,,0.2,,0,0,0,,,0,0,,0,0,0,0,0,0.1,0,0,0,,0.2,0,,0,0,0,0,,0,0,0,0,0,0.1,0,,,0.1,0,0,,
Dates,0.1,0.7,,,0,0,0,0,0,,0,,0,0,,0,,,0,0,0,0,0,0,,,0,0,0,,0.1,0,0,,0,,0,0,0,,0,0,,,0,0,,,,0.6,,,0,0,0,0,0,,,,,0,,0,,,0,,,,,0,0,0,0,0.5,0,0.1,0,,0,0.1,0,0,,0.2,0,,0,0.1,,,0.7,0,,,,0,0.1,0,0,0.3,0,0,,,0.1,,,0,0,0,,,0,,0.2,0,0,0,0.1,,,0,0,0,0,0,,0,0,,,,,,,1.5,0,,,,0,0,,0,0,0,0.4,,0,0,0,0,,0,0,,,0,0.2,0,,0,0,0.3,0,0,0,,0,,0,0,0.1,,
Grapes,0.8,0.2,0,,0,0.5,0.2,0.1,0.2,0.1,0,0.1,0,0.1,0,0,,0,0.1,0,0.1,0,0,,,0,0,0,0.2,,,0.1,0,0,,,0,0,0.4,0,0.1,0.1,,0,0.2,0,0,0,0,0.2,0,,0.1,0,0,0.1,0,0,0,,0,0.1,0,0.4,0.1,0,,,0,0,0,0.3,0.2,0,0,0.4,0.2,0.2,0.4,0,0,0.1,0,0,,0.1,0,,0.1,0.3,0,0,0.1,0.1,0,0,,0,0,,0.1,0,0,0,0,0.4,0.2,0,,0,0,0.3,0,0.1,0.2,0,,0,0.2,0.2,0,0,0,0,0,0.1,0.1,0.1,0.2,0.1,0,,0.1,0,,,,0.1,0,0.2,,,0.1,0.6,,0,0.2,0,0,,0,0.1,0.1,0.2,0.2,0,0.4,,0,0.1,0.1,0.6,0.3,,0.1,0.1,0.2,0,0.1,0,0.3,,0,0,0.1,0,0
Fruits_Other,0.8,0.4,0,1.7,0.1,0.5,0.4,0.8,0.7,0.4,0.2,0.4,0.5,0.3,0.2,0.2,0.6,0.1,0.9,0.2,0.3,0.5,0.2,0.1,0.1,0.4,0.1,0.1,0.5,0,0.1,0.6,0.4,0.4,0.1,0.2,0.5,0.1,0.4,0.2,0.5,0.3,0.4,0.1,0.5,0.1,0.5,1.2,0.4,0.3,0.3,0,0.4,0.1,0.2,0.3,0.5,0.5,0.1,0.1,0.2,0.4,0,0.8,1.2,0.3,0.2,0.2,0.1,0.2,0.2,0.4,0.4,0.3,0.4,0.8,0.3,1,0.9,0.2,0.2,0.1,0.1,0.3,0.1,0.3,0.1,0.2,0.2,0.7,0.1,0,0.4,0.2,0.5,0.3,0.3,0.2,0.8,0.3,0.4,0.1,0.2,0.4,0,0.7,0.5,0.1,0.3,0.2,0.4,0.4,0.5,0.4,0.7,0,0.2,0.2,0.4,0.4,0.2,0.2,0.2,0.3,0.6,0.4,0.7,0.4,0.2,0.3,0.5,0.5,0.5,0.7,0.2,0.9,0.3,0.1,0.1,1.6,0.3,0.2,0.3,0.4,0.8,0.1,0.4,0.1,0.3,0.1,0.2,0.3,0.6,0.4,0.1,1.4,0.6,0.2,0,0.5,0.6,0.5,0.3,0,0.3,0.3,0.3,0.1,0.4,0.2,0.6,0.4,0.2,0.4,0.3,0.1,0
Coffee,0.4,0.6,0,0,0.1,0.4,0.5,1,0,0.7,0,0.2,0.1,0.8,0.2,0,0.8,0.4,0.9,0.1,0.5,0.3,0.6,0,0.2,0.3,0,0.1,0.8,0.1,0,0,0,0.5,0,0,0.5,0.2,0.9,0.4,0.5,0.4,0.1,0.1,1.4,0.2,0.8,0.6,0,0,0.3,,0.9,0.3,0,2.1,0.8,0.3,0,0,0.3,1,0,0.6,0.1,0.2,0.5,0,0.1,0.8,0.7,0.6,1.5,0,0.1,0,0.2,0.4,1,0.7,0.6,0.5,0.1,0,0.7,0.3,0,0.9,0.4,0.8,0,0.1,0.1,0.7,2.6,0.5,0,0,0.3,0,0.2,0,0.1,0.2,0.1,3,0.1,0,0,0.6,0,0.7,0.4,0.4,0.5,0.1,0,0,1.5,0.1,0,0.5,0,0.3,0.3,0.4,0.6,0.3,0.1,0.3,0.1,0,0,0.1,0.4,0.6,0,0.2,0,0.6,0.1,0.2,0.5,0.9,0.3,0.1,0.6,0,0.1,0,0.1,1.6,0.7,0.3,0,0.1,0.7,1.5,0.1,0.2,0.3,0.1,0,0.2,0.2,0.2,0.4,0,0.7,0.1,0,0.1,0.5,0,0.1,0.1,0
Cocoa_Beans,0.1,0.2,0,0.2,0.2,0.4,0.6,0.3,0.2,0.2,0,0.2,0.3,0,0.2,0,0.6,0.2,0.5,0.1,0.2,0.3,0.6,0,0,0.1,0,0.1,0.5,0,0,0.2,0,0.2,0,0,0.2,1,0.5,0.1,0.6,0.5,0,0,0.7,0,0.5,0.1,0.1,0,0.1,,1.3,0,0.1,0.5,0.7,0.3,0.1,0,0.4,0.4,0.4,0.6,0.2,0.2,0,0,0.1,0,0.1,0.6,1.1,0,0.3,0.1,0.3,0.5,0.3,0.2,0.3,0.2,0.4,0,0.1,0.4,0.4,0,0.5,0.3,0,0,0,0,1.2,0,0,0.2,0.3,0,0.7,0,0.2,0.1,0.3,0.8,0.1,0,0,0.3,0,0,1.9,0.3,0.1,0.1,0,0,0.8,0,0,0.2,0.1,0.1,0.1,0.3,0.5,0.1,0.3,0.3,0.2,0,0.1,0.2,0.4,0.9,,0.2,0.1,0.1,0.3,0.1,0.4,0.8,0.1,0.1,0.6,0.1,0,0.2,0,0.5,0.2,0.1,0.2,0.1,0.6,0,0,0.2,0.1,0,0.3,0,0.2,0.3,0.8,0,0.6,0.4,0,0.1,0.2,0,0.1,0,0
Tea,0,0.1,0,0.1,1.3,0,0.2,0,0.5,0.3,0.1,0.2,0.1,0.1,0,0,0.1,0,0,0.3,0.6,0.3,0.1,0,0,0,0,0.1,0.1,0,0,0.4,0.2,0,0,0,0,0,0,0,0.1,0.1,,0,0.1,0.5,0,0,0,0.3,0,0,0.1,0,0.2,0.1,0.1,0,0,0.3,0.3,0.1,0,0,0.1,0,0.1,0,0.4,,0,0,0.1,0.2,0.1,0.8,0.9,0,0,0.1,0.3,0.2,0.4,0,0.1,1,0.2,0,0.1,0.2,0,0,0,0.1,0.1,0,0.1,0.2,0.2,0.1,0.4,0.8,0.3,0,0.3,,0.5,0.1,0.2,0,0.1,0.2,0.2,0.2,0.2,0,0,0,0.1,0,0.2,0.1,3,0,0,0.3,0,0,0.1,0,0.3,0,0,0,0.1,0.1,0.8,0.2,0.1,0,0.6,0,0,0,0,0.1,0,0.1,0.1,0.1,0.2,0.1,0.1,0.7,0.1,0.2,0.1,0,0,0.1,0.3,0.8,0.2,0,0.2,0.3,0.5,0,0.1,2.5,0.2,0,0,0.2,0.1,0,0.3
Pepper,0,0,0,0,0,0,0,0.1,0,0.1,0,0.1,0,0,0,0,,0,0,0.4,0,0,0,,,0,0.1,0,0,0,,0,0,0,,0,0.1,0,0,0,0,0,0,0,0,0,0.4,0,0.1,0,0,,0.1,0,0.1,0,0,0,0,0,0,0.1,0,0,0.1,0,0,,0.1,0,0,0,0,0,0,0,0,0,0,0,0,0,0,0,,0,0,,0,0,,0,0,0,0,0,0,0.2,0,0,0,0,0,0,0,,0,0,0,0.1,0,0.1,,0,0,0,0,0,0,0,0,0,0,0,0,0,0,0,0,0,0,0.1,,0.3,0.1,0,,0,0,0,0,0,0,0,,0,0,0.3,0,0,0,0,0,0,0,0,0,,0,0.1,0,0,,0,0,0,0,0,0.1,0,0,,0,0,0,0,0
Pimento,0,0.1,0,,0,0,0,0.1,0,,0.3,0.1,0,0,0,1,1,0,1.8,0,0,0.2,0.1,0,,1,0.2,0.4,0.1,0,,,0,,,,,0.3,0,0,0,0.1,,0.2,0.1,0.2,,0,,0.3,0,,0.1,0.5,0,0,0,,0,0,0,0.1,1.2,0,0.4,0,,,,,0,0,0,0.2,0,0,0,0,0,1.2,0,0,0,0.1,,0,0,0.6,0,0,,,0.2,0,0,0.1,0.1,0.5,0.3,0.1,0,0,0.1,0.3,,0,0.2,,0.8,0,0.2,0.1,,,0,,0,0.1,0,,0.5,0,0,1.2,0,0,0,0,0,0.6,0,,,,,,,0.1,0.1,0.1,0.1,0.2,0.1,0.3,,0.1,0.1,0.5,0.1,,,0.1,0.1,0,,0.9,0.6,,0.2,0,0,0.1,0,0.1,0,0.3,0,0.1,0.1,0,0,,0,0.4,0,0,0.3
Cloves,,0,,,0,,0,0,,,0,,,0,,,,0,,,0,,0,,,,,,0,,,0,0,0,0,,0,0,,,,0,,,0,0,,0,0,0,0,,,0,0,0,0,,,,,0,0,0,0.1,0,,,,0,,0,,0,0,0,0,0,0,,0,0,,0,,,,,,0,,,0,,,0,,0,0,,,,0,0,,,0,,0,,0,0,,,0,0,,0,0,,0,0,,0,,0,0,0,,0,0,,,,,,,0,0,,,,0,,,0,0,0,0,,,0,0,0,,0,,,0,,0,0,,,0,0,0,0,0,,,,0,0,0,,
Spices_Other,0,0.1,0,0.3,0,0,0.1,0.1,0,0.3,0.5,0.3,0,0.1,0.1,0,,0,0,0.4,0,0.7,0.1,0.1,0,0,0,0.2,0.2,0,0,0,0,0.1,0,0,0.1,0.1,0,0,0.1,0,,0,0.2,0.1,0.6,0.1,0.1,0.1,0,0,0.1,0,0.2,0,0.1,0.1,0,0,0.3,0.1,0,0.1,0.9,0.1,,,0.8,0,0,0.2,0.2,0.4,0.2,0.2,0.1,0.1,0,0.2,0.3,0.1,0,0,0.1,0.7,0,0.1,0.1,0.1,0.2,0,0.1,0.1,0,0,0,0.7,0.5,0,0.1,0,0.6,0.2,0,0,0.4,0,0,0.1,1.7,0.1,0.6,0.1,0.1,0,0.1,0.2,0.1,0.6,0.2,0,0,0.2,0.1,0,0,0.1,0,0.1,0,0,0.2,0.3,0.2,0.2,0.1,0.2,0,0,0.4,0.1,0.1,0.1,0.1,0.1,0,0.7,0,0.1,0,0.1,0.1,0,,0.5,0.1,0.1,0,0.3,0.7,0.4,,0,0,0.7,0.2,0,0.1,0,0,0.2,0,0,0.2,0.1,0
Wine,,,,,0,,0,0,0,,,,0,0,,,,,,,,,0,,,,,,0,,,,0,,,,,,0,,,0,,0.2,0,,,,,,,,,,,0,0,,,,,0,,0,,,,,,,,,,,,,0,,0,,0,,,,,,0,,0,,,,,0,0,,,,,,,,,,,,0,,,,,0,,,,,,,0,,,,,,,0,0,,0,0,0,,,,,,,,,,,,0,0,,0,0,,,,,0,0,,,,0,,,,0,,,,0,,0,,0,,,,,,,,
Beer,0.3,0.1,0.5,0.2,0.3,0.1,0.7,1.4,0.5,0.1,0,0.4,0.6,1,0.3,0.1,0.9,0.3,0.8,0.5,0.5,0.1,0.9,0,0.2,0.4,0.2,0.2,0.6,0.1,0,0.3,0.4,0.4,0,0.3,0.1,0.3,1.1,0.2,0.4,2.1,0,0.1,1,0,0.1,0.5,,0,0.2,0,1.2,0.1,0.3,1.1,0.4,0.5,1.1,0,0.1,1.4,0.1,0.5,0.2,0.1,0,0.1,0.2,0,0.1,1,1,0,0,0,1.8,0.2,0.4,0.1,0.4,0,0.4,0.1,0.1,0,0.1,0.1,0.9,0.1,0.2,0.1,0,1.2,1.5,0.1,0,0.1,0.1,0,0.6,0,0.4,0.5,0.2,0.2,0,0.1,0,1.2,0,0.9,1.5,0.6,0.6,0.1,0,0.1,0.8,0,0,0.6,0.6,0.3,0.1,1.1,0.7,0.5,0.5,1.2,1.1,0.1,0.4,0.2,0.2,0.4,0.2,0,0,0.6,0.5,0.2,1.1,1.2,0.1,0.8,1.1,0,0,0.4,0.1,0.6,0.8,0,0,0.4,0.4,0,0.1,0.2,0.1,0.2,0,0.1,0.8,,1.1,0.1,0.7,0.2,0.1,0,0.7,0.1,0,0.1,0.3
Beverages_Fermented,,,0,,,,0,0,,,,,0,0,,0,,,,0.3,,,0,0.7,1.5,,,0.3,0.2,0.2,0,,0,,,,,0.1,,,,,,0.2,0,,,0,,,,0,0,0.1,,0,0,,,0.5,,0,0.2,0,,,,0.2,,,,,,0,0,0,0,0,0,,0,,0,0.1,,,0,,0,0,0.2,,,0,,,0.2,0,,0.1,,,,0,,,,0,,0,,0,,,0,,,0.5,0,,0,,0,,0,0,0,1.4,,,0,0.9,,,,,,,,,,0.3,0,0,,0,0,,0.3,,0.5,0,0,,,0,,,0.1,,,0,,1,0,,0,0.7,0,0,,,0,,,0.3,0.2
Beverages_Alcoholic,,,,,,,,,,,,,,,,,,,,,,0,,,,,0,,,,,,,,,,,,,,,,,,,,,,,,,,,,,,,,,,,,,,,,,,,,,,,,0,,,,,,,,,,,,,,,,,,,,,,,0,,,,,,,,,,,,,,,,,,,,,,,,,,,,,,0.1,,,,,,,,,,,,,,,,,,,,,,,,,,,,,,,,,,,,,,,,,,,,,,0.1,,,
Alcohol_Non-Food,,,,,,,,,,,,,,,,,,,,,,,,,,,,,,,,,,,,,,,,,,,,,,,,,,,,,,,,,,,,,,,,,,,,,,,,,,,,,,,,,,,,,,,,,,,,,,,,,,,,,,,,,,,,,,,,,,,,,,,,,,,,,,,,,,,,,,,,,,,,,,,,,,,,,,,,,,,,,,,,,,,,,,,,,,,,,,,,,
Bovine_Meat,5.6,2.4,3,5.1,26.7,9.5,14.7,6.5,4.8,8.7,0.6,7.7,8.2,6.4,2.2,1.2,14.3,9.3,3.6,2.4,14.2,1.9,1.9,2.8,0.7,1.2,2.2,2,11.6,7.8,3.5,7.8,1.8,7,0.9,0.4,6.5,0.8,4.1,2.6,2.3,2.9,0.3,0.1,9.2,5.3,3.9,4,7.1,4.5,3.7,1.8,5,1.9,4,7.5,10.1,14,1.2,1,2.9,4.5,0.6,6.4,2.8,2.5,2,1.7,1,1.6,3.4,1.7,4.7,0.6,0.8,2.9,8.9,10.2,9.5,2.2,3.5,2.7,8.6,4.9,3.2,1.6,6.2,2.6,2.5,10.4,1.9,0.1,2.3,1.9,16.5,3,0.8,2.2,2.2,3.8,7.7,3,2.6,7.1,7.5,4.7,2.5,0.4,1.3,4,2.3,7.4,2.2,5.2,9.6,2.6,5.9,0.8,7,1.1,2.9,8,4.5,2.4,1.7,2.2,7.5,4.4,1.2,3.3,7,1.4,3.1,2.7,4.5,4.3,1.5,2.4,3,4,1.6,0.6,1.7,7.8,2.1,6.2,5.6,0.5,3.3,2.8,7.8,9.6,7.4,1.2,1.6,1.4,4,0.6,0.7,2.9,2.2,2.1,10.8,1.6,3.8,3.4,7.1,2.7,13.5,6.1,9.2,2.5,7.8,1.5,1.7,1.9,3.3
Mutton_&_Goat_Meat,2.6,2,0.4,1.4,0.4,1,3.8,0.4,2.8,2.1,0.5,2.1,0,0.6,0,0.4,1.9,1.1,0.2,1.5,0.2,0.6,0.6,1.3,0.4,0.8,0,0.7,0.4,1.5,1.5,0.2,1.1,0.1,0.3,0.1,0,0.3,0.4,0.5,2.4,0.1,0.3,0.1,0.4,2,0.5,0.1,0.3,0.7,0,0.9,0.2,0.7,3.2,0.2,1.1,1.6,0.6,0.4,0.3,0.3,0.5,4.9,0.7,0.1,0.6,0.6,0.4,0.4,0,0,6.8,0.3,0.2,2.6,1.4,0.6,0.5,0.8,0.1,2.5,3.2,0.9,0.1,6.1,3.1,0.1,0.1,1.3,1.2,0.2,2.8,0.1,0.7,0.3,0.7,0.3,0.2,3,0.5,4.4,1.5,0.4,17.4,0.4,1.8,0.4,0.1,1.9,0.7,0.3,1.1,0,7.8,0,2.7,1.1,1.8,1.6,1,0,0.2,0.4,0.3,0,0.8,0,0.2,1.1,0.5,0.3,0.7,1.8,0.5,4.4,0.1,1.8,1.1,0.9,0.9,0.2,0.1,0.4,0,1.4,1,0,3.3,0,0.7,0.5,0.5,3.7,2,0,0.4,0.2,0.5,1.2,2.1,1.4,9.8,0.5,0.1,4.1,1.8,0.4,0.2,0.9,1.3,0.1,0.1,0,1.1,0.3,0.4
Pigmeat,2.5,0,1.4,3,2.5,2.1,5.1,19.4,0.3,7.4,0,2.1,10.4,8,3.4,0.3,3.8,3.1,1.8,0.2,3.1,1.9,6.5,0.6,0.5,6.6,2.7,0.3,6.9,1,0,6.5,11.1,1.3,0,0.3,2.8,0.2,10.5,6.5,9.1,11.5,1.4,0.1,13.2,0.1,6.4,2.6,3.5,0,0.8,,6.5,0,1.4,9.5,8.2,4.2,1.6,0.1,1.4,15,0.3,6.8,4.8,1.3,0.1,2.8,0.8,1.6,1.5,10.6,5.5,0.1,0.8,0,8.7,0.7,11.2,0.9,5.4,0,4.5,0.1,3.6,,1.5,3.1,9.4,0.5,1.1,0.8,0,14.6,12,0.9,0.9,2.3,0.4,0.1,7.8,0,1.1,4.5,0.1,9.6,0,1.2,2.9,0.9,0.2,10.1,6,4.8,4.8,0.7,0,0.5,6.1,,0,3,7.8,1.3,5.5,16,11.5,8.1,3.5,8.4,5.1,0.2,2.1,5.7,4.4,7,0.5,,0.3,7.9,3.2,0.2,9.2,10.9,1.5,1.8,13.1,0,,2,0.4,11.6,8.8,0,0.2,3.4,3.2,2.6,0.5,2.2,,0,0,1,4.4,,7.2,0.1,8.1,4.4,0.2,4.8,1.7,10.6,0,0.4,0.8
Poultry_Meat,5.1,2.4,3.1,18.3,10.7,3.7,13.4,7.5,3.8,20.1,0.4,14.7,7.4,7.6,8.3,5.3,16.8,5.5,3.9,1.5,11.4,18,8.3,0.7,0.3,6.7,0.7,0.6,13.1,0.4,0.2,10.5,4.1,7,3.5,1,7.2,0.4,3.7,5.9,9.8,8.6,0.5,0.4,7.5,1.7,12.4,9.8,7.5,3.4,4.9,0.1,6.7,0.2,5.1,7.7,8.6,15.6,13.8,1.2,3.9,7.1,1.7,5.6,12.4,5.3,0.4,0.6,10.4,1.4,6.8,10.3,9.6,0.6,2,7.9,10.9,27.6,7.2,14.7,6,10.2,4,0.2,6.9,32.9,2.1,1.1,6.8,9.7,1.2,1.5,7.1,7.9,6,1.2,0.5,12.6,4,0.9,10.6,1.2,11.9,8.4,0.2,2.9,6,0.5,6.1,2,0.2,9.3,17.7,14.7,10.6,5.1,0.2,0.5,7,5.1,1.3,9,1.7,5.6,3.3,8.6,11.8,4.3,4.1,8.6,7.7,0.1,16,20.9,22,14.2,3,15,1.1,2.8,6.6,0.9,6,9.5,0.8,12.6,11.2,1.6,0.2,9,1.6,6.5,6.6,3.5,1.4,6,6,1.6,2,9.4,5.1,5.6,1.7,0.5,7.9,16.6,13,0.4,17.6,5.6,0.4,3.6,12.9,3.3,3.8,1.1,2.1
Meat_Other,0,0.1,0.2,2.1,0.7,0,0.5,0.5,0,0.2,0.1,0,0.1,1.6,0,0.4,0.1,0.4,0,5.8,0,0,0.8,0.3,0,0.1,0,1.7,0,2.8,0.2,0.1,0.5,0.1,0,4,0,4.1,0.3,0,0.9,2.8,2.6,1.1,0.4,0.1,0,0,0.3,0.6,0,0.2,0.1,0.6,0,0.8,2.2,1.6,8.6,0.4,0,1.5,2.2,0.8,0.6,0.1,0.3,0,0,0.5,0,0.5,5.3,0.1,0,0.1,1.3,0,2.6,0,0.1,0,2.1,0.5,0,0.5,0.5,0,0.1,0,1.7,1.3,0.3,0,2.3,0.2,0,0,1.2,1.2,2.8,2.4,0.4,0.4,5.1,0,0.7,0,0,2.2,0,6.4,0.3,0,1.7,0.2,1.4,0.5,0.6,0,0.1,0.9,0.3,0.6,0.2,0.1,0.5,0.1,0.1,0.4,0.6,0.7,2.1,0,0,0,,0.6,0.6,0,0.1,0.9,1,0.2,0,0.3,1.8,0,0.9,0.6,0.2,1,0.9,0.1,0,,0.1,8.2,0.5,0,0.4,0,0.1,0.4,0.2,1.8,0.8,0.2,0.4,0.4,0.1,1,3.9,0.1,0,1.2,1.4
Offals__Total,1.9,0.5,0.5,1.1,2.6,2,3.7,0.7,1.1,1.1,0.3,1.2,3.2,1.5,0.4,0.4,0.1,2.7,1.8,1.5,1.1,0.4,2.3,1,0.3,1,0.8,0.6,0.8,1.3,1.1,1.2,1.6,1.7,0.3,0.2,0.9,1.5,1.1,0.9,1.5,2.1,0.3,0.1,0.9,1.8,1.6,1.1,1.9,0.7,0.6,0.8,2.5,0.7,1.7,0.7,3.4,2.2,3.8,0.3,1.3,0.7,0.4,1.3,0.5,0.5,0.6,0.7,0.3,0.8,0.7,1.2,2.4,0.2,0.9,1.2,3,4.3,1.5,1.9,1.3,0.5,2.7,1.2,0.3,1.6,1.8,0.9,3,1.2,0.8,0,0.5,2,1.4,1,0.3,1.7,0,1.5,1.1,1.9,0.7,2.7,4.9,0.3,0.8,0.3,0.6,1.4,0.9,0.3,1.7,1.4,2.5,1,1.8,0.4,1,0.3,0.9,2.1,1.7,2.5,1,1,3,1.6,0.6,2.2,2.5,0.4,1.2,2.3,1.2,1.3,0.1,1.5,1,3.8,0.3,0.3,0.7,2.3,0.5,2.5,0.7,0.3,1.4,0.4,1,0.5,2,1.1,0.7,0.5,2.1,0.4,0.3,0.7,0.7,0.3,0.2,0.6,1.7,1.2,1.2,0.6,0.4,1.2,1.5,1.7,1,2.1,0.6,0.5,0.8
Animal_Fats__Total,0.3,0,0,0.1,0,0.3,0.2,0.6,0.1,0.2,0,0.2,0.1,0.9,0.1,0,0.2,0.1,0.1,0.1,0,0,0.3,0,0,0.3,0.1,0,1.3,0.1,0,0.2,0,0,0,0,0.1,0,0.1,0,0.1,0.6,0,0,0.9,0,0,0,0.2,0.1,0,0,0.4,0,0.2,0.6,0.6,0.4,0,0,0.1,0.6,0,0.2,0.1,0,0,0.1,0,0,0,0.7,0.7,0,0,0.1,0.5,0,0.4,0,0,0,0.1,0,0.1,0.1,0,0.1,0.8,0.1,0,0,0,0.1,0.1,0,0,0.1,0,0,0.2,0,0.1,0,0.1,0.1,0.1,0,0.1,0,0,0.1,0.1,0.6,0.3,0,0.1,0,0.8,0,0.1,0.2,0.1,0,0.3,0.5,0.2,0.2,0,0,0.2,0,0,0.1,0.1,0.3,0,0,0,0,0.2,0,0.2,0.7,0.1,0,0.2,0,0,0,0.1,1,0.2,0,0,0,0.1,0.1,0,0.1,0.1,0.1,0.1,0,0.1,0.1,0.1,0,0.1,0,0,0.2,0.2,0.2,0,0,0
Butter_Ghee,0,0,0,0,0,0,0.1,0.1,0.1,0.1,0,0,0.1,0.1,0,0,0.1,0,0,0,0,0,0,0,0,0,0,0,0.1,,0,0,0,0,,0,0,0,0,0,0,0.1,0,0,0,0,,0,0,0,0,0,0.1,0,0.1,0.1,0.2,0.1,0,0,0,0.1,0,0,0,0,0,0,0,0,0,0,0.1,0,0,0.1,0.1,0,0.1,0,0,0,0,0,,0.1,0,0,0,0,,0,0,0,0,0,0,0,0,0,0,0,0,0,0,0,0,0,0,0,0,0,0,0.1,0.2,0,0,0,0.1,0,0,0,,0,0,0.1,0.1,0,0,0,0.1,0,,0,0,0,0,0,0,0,0,0,0.1,0.1,,0,0,,0,0,0,0.1,0.1,0,0,0,0.1,,0,0,0,0.1,0,0,0,0,0.1,0,0,0,0,0,0,0,0,0,0
Cream,0,,,,0,0,,0.5,0,0,,0.2,0.1,0.7,0,0,0.1,0,0,0,0,0,0,0,,0.1,0,0,0.6,,,0,0,,0,0,,0,0,0,0,0.4,,0,0.8,0,,,0,0,0,,0.3,,0.1,0.5,0.4,0.3,0,0,0,0.5,0,0.2,0.1,0,0,,0,0,,0.5,0.6,,0,0,0.4,0,0.3,0,,0,0.1,0,,0,0,,0.8,0.1,,,0,0,0.1,0,0,0,,0,0,0,0.1,0,,0,0,,0,0,,0,,0.5,0,,,0,0.5,0,0,,0,0,0,0.4,0.2,0,0,0,0.2,0,0,0,,,,0,0,0,0.1,,0.1,0.6,0,0,0.2,0,0,,0,0.9,0,0,,0,0,,0,0,0.1,0,,0,0,0.1,0,0,0,0,,0.1,0,0,0,0,0
Fats_Animals_Raw,0.2,0,0,0.1,0,0.3,0.1,0,0,0.1,0,0,0,0,0.1,0,0,0.1,0,0,0,0,0.3,0,0,0.2,0.1,0,0.6,0.1,0,0.2,0,0,0,0,0.1,0,0,0,0.1,0.1,0,0,0.1,0,0,0,0.1,0,0,0,0,0,0,0,0,0,0,0,0.1,0,0,0,0.1,0,0,0.1,0,0,,0.2,0,0,0,0,0,0,0,0,0,0,0,0,0.1,0,0,0.1,0,0,0,,0,0,0,0,0,0.1,,0,0.1,0,0,0,0.1,0,0,0,0.1,0,0,0,0,0,0,0,0,0,0.1,0,0,0.2,0.1,0,0.3,0,0,0.2,,0,0,0,,0.1,0.1,0.2,0,0,0,0,0.1,0,0,,0.1,,0,0,0,0,0,0,0,0,,0,0,0.1,0,0.1,0,0,0,0,0.1,0,,0,0,0,0,0.1,0.1,0.2,0,0,0
Fish_Body_Oil,0,0,0,0,0,0,0,0,0,0,0,0,0,0,0,,0,0,0,0,0,0,0,0,,,0,0,0,0,,0,0,0,,0,0,0,0,0,0,0,0,0,0,0,,0,0,0,0,,0,0,0,0,0,0,0,0,0,0,0,0,0,0,0,0,0,0,0,0,0,0,0,0,0,0,0,0,0,0,0,0,,0,,,0,0,0,0,0,0,0,0,0,0,,,0,0,0,0,0,,0,0,0,0,0,0,0,0,0,0,0,0,0,,0,0,0,0,0,0,0,0,0,0,0,,0,0,0,0,,0,0,0,0,0,0,0,0,0,0,0,0,,0,0,0,0,,0,0,,0,0,0,0,,0,0,0,0,0,0,0,0,0,0,0,0,0,0
Fish_Liver_Oil,0,0,,0,0,,0,0,,0,0,0,0,0,0,0,,0,0,0,0,0,0,,,,,0,0,,,0,0,0,,0,0,0,0,0,0,0,0,0,0,,0,0,0,0,0,,0,0,0,0,0,,,,,0,0,0,,0,,,0,0,0,0,0,0,0,0,0,0,0,0,0,0,0,0,,,0,,0,,0,0,0,0,0,0,0,0,0,,0,0,0,0,0,,0,0,0,0,,0,,,0,0,0,0,0,,0,0,0,0,0,0,0,0,,0,0,,0,0,0,,0,0,0,0,0,0,0,0,0,0,0,0,,,0,0,0,0,,0,0,,0,0,0,0,,0,0,0,0,0,0,0,,,0,0,0,0,0
Eggs__Total,1.8,1.3,0.3,1.7,2.9,3.1,1.7,4.2,2.2,1.8,0.4,1.7,4.6,4.3,1.3,0.3,2.9,1.5,1.6,0.6,2.2,4.2,3.1,0.7,0.1,1.2,0.4,0.1,3.5,0.1,0.1,1.9,5.8,2.9,0.3,0.1,2.6,0.4,3.2,2.4,2.5,2.9,1.8,0,5.6,0.1,0.8,1.9,1.6,1,2.4,0.1,3,0.1,0.9,2.6,4.5,2.7,0.3,0.3,1.6,3.8,0.3,3,2.4,3.9,0.6,0.2,0.2,0.1,1.2,4.6,2.6,0.7,1.4,2.3,2.7,3,4,0.6,6,1.3,2.5,0.5,1,2.9,1.2,0.6,3.9,1.6,0.2,0.5,2.8,3.4,2.4,0.2,0.3,3.8,2.6,0.1,4.4,0.4,1.5,5,0.3,1.7,1.4,0.1,1.5,0.4,0.3,2.3,1.2,3.6,3.1,1.1,0.1,1,3.4,2.8,0.8,1.3,5.3,1.8,1.4,3.5,2.9,3.4,2.8,3.9,4.3,0.1,1,1.7,1.7,1,0.9,1.2,0.5,1.5,2.7,0.4,4.4,3.1,0.4,2.1,4.4,0.9,0.3,1.1,0.7,3.7,3.3,2.3,0.5,3.4,2.3,0.5,0.3,0.9,2.1,3,2.3,0.2,4.6,1.8,3.2,0.2,4.1,3.6,1.2,1.1,1.2,1,0.6,0.9,0.6
Milk_-_Excluding_Butter__Total,27.6,13,0.9,13.2,14.7,17,17.1,20.2,12.1,8.5,1.9,11.5,12.6,22.1,6.6,0.7,10.8,2.6,17,8.9,12,9.7,12.5,1.6,0.5,11.8,0.5,1.3,13.9,1.5,2,8.3,2.8,13.3,1,0.3,16.8,0.6,17.8,6.9,12.6,19.2,0.4,0.2,22.5,4.3,19.9,6.4,8.4,5.4,10.9,2.5,24.5,1.9,3.3,28.4,23.6,9.5,3.1,3,13,24.5,0.6,27,10.6,4.4,1.2,1.6,11.4,1.6,9.9,14.2,31.4,7,1,7.6,19.8,18.7,17.2,8.8,7.3,9.3,24,8,1.7,12.5,18.5,0.2,16.7,10.1,1.6,0.2,9.3,32.8,30.2,2.3,0.4,2.4,7.6,6.7,16.9,15.3,12,10.1,13.4,20.8,4.3,0.4,3.5,4.9,4.3,30.1,16.7,12.3,7.5,7.3,6.1,0.8,22,5.1,17.9,11,6.5,4.9,1.2,14.6,17.6,2.2,11.1,26.3,17.2,1.5,7.5,8,8.2,2.2,3,7.2,3.7,13.4,3.7,0.4,10.7,21.5,0.6,4.8,13.3,3.3,17.7,2.8,3.9,28.4,25.6,11.4,5.6,1.9,10.1,1,0.5,8.8,9.3,13.4,13.1,2.9,14.3,14.6,19.3,3.3,22.3,12.4,12.5,2.4,11.3,1.2,3.8,0.7,2.6
Freshwater_Fish,0.3,0,0.3,0.3,0,0.4,0.7,1,0.1,0.4,4.3,0.3,0.5,1.4,0.4,0.5,0.6,0.2,0.6,0,1,0.1,0.2,0.2,0.5,0,9.8,1.1,1.3,1,1.6,0.2,4,0.5,0,2.3,1.4,0.1,0.3,0.6,0.6,0.9,0.1,1.1,1.3,0,0,0.1,0.2,2.2,0.3,0,1,0.1,0.2,3.5,1.2,0.3,2.1,0.8,0.1,1,1,0.6,0.1,0.1,0.1,0,0.2,0.3,0.3,0.8,0.5,1.1,2.1,0.9,0.4,1.1,0.7,0.7,1.8,0.1,0.1,0.9,0,0.7,0,5.2,1,0.2,0,0.3,0,1,1.3,0.5,1.4,1.1,0.1,1.9,0.5,1.3,0.1,0.4,0,0.2,0,0.4,7.1,0.4,0.5,0.8,0.3,0.2,0.6,0.1,0.6,0.9,4.6,,0.4,0.3,1,0.6,2.4,1,0.4,0.6,0.6,0.3,1.5,0.4,0.1,0.1,0,0,0,0.7,1.2,0.4,0.1,0.9,0.4,0.4,0,0,1,0.6,0.5,0.2,0.2,1.8,1.3,0.2,0,2.8,0.2,,0.6,0.1,0.1,0.4,0.9,4.4,0.4,0.1,1,1.8,1.1,0,0.1,0,0.6,3.6,0,1.6,0.3
Demersal_Fish,0.1,0.1,1.6,1.6,0.5,0,1.5,1,0,0.8,0.2,3.4,0.8,2.2,0.1,0.1,0.4,0,0.1,0,0.6,0,0.2,0,0,0.6,0,0.1,1.4,0,0,0.4,1.1,0,0,1.5,0.1,0.1,0.5,0.1,1.4,0.5,0.8,0.2,1.5,0,1.3,1.2,0.1,1,0.2,0,1.2,0,0.8,0.6,3.3,0.2,2,1.8,0,2.4,0.9,1.7,1.3,0,0.7,0.1,0.7,0,0,0.2,6,0.2,1.2,0.2,1.3,2.3,1.6,0,3.6,0,0.2,0,6.3,0.3,0,0,1,0.1,0,0.3,0.3,3.1,1.7,0,0,1.9,0.3,0,1,0,1.4,0.3,0,0.1,0.4,0,0,0.4,0,2.1,0.2,0.1,1.3,0.1,0,1,7.3,0,0,0.5,0,0.5,1,1.3,7.4,5.9,0.6,0.2,2.8,0,1.9,0.2,0.5,0,1.2,0.5,0.7,0.4,4,1.3,0.5,0.5,0,0.5,3.8,0.3,0,0,0,1.6,0.4,0,0,0.2,0.3,,0.1,0.4,0.6,0.3,0,0,0.2,1.7,2.2,0.1,1.9,1.4,0,0,1,0,0.4,0,0
Pelagic_Fish,0.8,1.5,1.7,3.7,0.7,0.2,1.2,1.4,0.3,3.3,0.1,5.2,2.8,1.4,1.1,0.4,0.9,0.1,0.7,0.6,0.3,1.3,0.9,0.2,0,2.9,0.1,2.2,1.7,0,0.1,8.5,0.5,0.9,7.1,1.9,0.6,2,2.3,0.3,1.9,1.3,0,0,4,0.3,7,1.2,0.7,0.8,0.6,0.1,0.7,0,7.5,5.2,2.2,7.6,4.6,4.7,1.7,0.8,7.3,1.6,7.2,0.4,0.7,0.2,0.9,0.6,0.6,0.3,14.5,0.1,4.2,0.8,2.3,1.3,2,2.8,8.4,1,1,0,13,1.1,0.6,0.1,2.2,1,0.1,0.6,1.7,10.9,1.4,0.6,0,7.3,26.6,0.1,4.4,3.5,3.3,1.2,0,0.3,2.4,0,0,1.7,0,3.8,1.8,3.9,4.2,1.1,0,1.7,1.4,0.2,0.1,2.8,0.1,3.5,6.7,3.3,4.7,5,1.7,0.9,2.6,0,2.6,5.2,1.7,11.1,5.9,1,5.2,0.8,7.9,4.2,1.1,1.2,8.4,1.4,3.3,6.2,0,2.4,0.2,3.1,0.7,0.5,0.1,3.5,0.8,0,0.9,2.2,2.5,1.6,0.1,0,3.3,1.4,1.8,0.1,0.8,0.4,0,7.7,3.1,0.2,0.9,0,0
Marine_Fish_Other,0.1,0.1,0.3,6.4,0,0.1,0.8,0.3,0,1,0.4,3,0.3,0.7,0.1,0.8,4.1,0.2,0.5,0.1,0.1,3.9,0.1,0.1,0,0.1,0.3,0.3,0.1,0,0,0,0.3,0.1,0.6,0.2,0.1,1.8,0.3,0.9,0.3,0.4,1.3,0.2,0,0.1,1,0.2,0.1,0.5,0.3,0,0,0,0.9,0.6,0.2,3.4,0.4,0,0.6,0.1,0.2,0.5,4.7,0,1.4,0,3.9,0.2,0.1,0.1,0,0.2,0.3,0.1,0,0.1,0.5,4.5,3.1,0.8,0.2,0,0.2,0.9,0,0,1.2,0.9,0.1,0,0.1,0,0.9,0.9,0.1,4.5,15.6,0.1,1.6,1.4,0.8,0.6,0.1,0.2,0.5,1.5,6.2,0.5,0,0,2.9,1.4,0,0,0,0.2,0.3,0,0,0.3,0,0.2,0.1,0,0.7,0.2,0.5,0.2,0,0.2,4.1,3.1,3,1,0.8,0.2,0,0.1,3.8,0.7,0.3,0.1,2.6,0,0.4,0.2,0,1.1,0.3,0.4,0.9,0.1,0,0.1,0.2,0.1,0.6,1.4,0.1,0,0,0,0.6,0.5,0.1,0.1,0,0,0,1.8,0.1,3.3,,0.1,0
Crustaceans,0,0,0,1.6,0,0,1.1,0.2,0,2.1,0.3,0.3,0,0.9,0.7,0.2,0.9,0,0,0,0.2,0.7,0,0,0,0.1,0.3,0.2,1,0,0,0.1,0.9,0,0,0,0.4,0,0.1,0,0.6,0,0.2,0,0.8,0,0.1,0.2,0.5,0.1,0.6,0,1.1,0,0.5,0.4,1,1.7,0,0.2,0,0.2,0,0.4,0.3,0.1,0,0,0.4,0.1,0.3,0,5.2,0.1,0.4,0,0.7,0.1,0.5,0.1,1.5,0,0,0,1.1,0.5,0,0,0.5,0.2,0,0,0,0.6,0.9,0.1,0,0.6,0.6,0,0.4,0,0.6,0.6,0,0,0.2,0,0,0.4,0,0,0.4,0.1,0.6,0.1,0,0,1.8,0,0,0.5,0,0.2,0.3,0,1,1.3,0,0,0.2,0,0.1,0.6,0.2,0.5,0,0.3,0,0,0.8,0,0.1,0.1,0,0.1,2.1,0.1,0,1.1,0,1.7,0.6,0,0,0.3,0,0,0,0.3,0.1,0,0,0,0.1,0.8,0.7,0,1.4,0.1,0,0.3,0.3,0.9,0,0,0
Cephalopods,0.1,0,0,0.1,0.2,0,0.4,0.1,0,0.1,0,0.1,0.1,0.1,0.2,0,0,0,0,0,0,0.3,0,0,,0,0.1,0,0,0,0,0.1,0.3,0,0,0,0.1,0,0.9,0.4,1.3,0,0.2,0,0,0,0,0.1,0.1,0.1,0,0,0.2,0,0,0,0.2,0.1,0.1,0.1,0,0.1,0,1.5,0,0,0,0,,0,0,0,0,0,0.1,0,0,0,1.5,0,1.9,0,0,0,0,0,0,0,0.1,0,0,0,0,0.1,0.2,0,,0.8,0.1,,0.4,0,0.4,0.3,,0.2,0,0,0,0.2,0,0,0.1,0.1,1.2,0,0,0,0,0,0,0.1,0,0.6,0.4,0,1.6,1.4,0,0,0.3,,0,0,0,0.1,0,0,0,0,0.3,0,0,0.5,0,0.1,1.8,0,0,0,0,0,0.1,,0,0.7,0,0,0,0,0.1,0,0,0,0,0.1,0.1,0,0.1,0.1,0,0,0.2,0.7,0,0,0
Molluscs_Other,0,0,0,0.5,0.1,0,0.2,0.1,0,0.1,0,0.1,0,0.3,0.1,0,0.8,0,0,0,0,0.3,0,0,0,0,0,0,0.3,0,0,0.2,0.5,0,0,0,0,0,0.1,0,0.1,0,0.1,0,0.1,0,0,0,0,0,0,0,0,0,0,0,0.7,0.3,0,0,0,0,0,0,0,0,0,0,,0,0,0,0.2,0,0,0,0.4,0,0.4,0.1,0.6,0,0,0,0,0,0,0,0,0,0,0,0,0,0.2,0,0,0.1,0.1,0,0.3,0,0,0.1,0,0,0,0,0,0,0,0.1,0,0.3,0.1,0,0,0,0.1,,0,0,0,0.1,0.3,0,0.4,0.5,0,0,0,0,0.1,0.1,0,0.2,0,0,0,0,0,0,0,0,0,0,0.9,0,0,0,0,0.1,0.1,0,0,0.2,0,,0,0,0,0,0,0,0,0,0.2,0,0.2,0.1,0,0,0.1,0.1,0,0,0
Aquatic_Products_Other__Total,0,0,0,0,0,0,0,0,0,0,0,0,0,0,0,0,,0,0,0,0,0,0,0,,0,0,0,0,,0,0.1,0.7,0,,0,0,0,0,0,0,0,0,0,0,0,0,0,0,0,0,0,0,0,0,0,0,0,0,,0,0,0,0,0,0,0,,,0,0,0,0,0,0,0,0,0,0,0,0.2,0,0,0,0.1,0,0,0,0,0,0,0,0,0,0,0,,0,0,0,0,0,0.1,0,0,,0,0,0.1,0,0,0,0.1,0.1,0,0,0,0,0,,0,0,0,0,0,0,0,1.4,0,0,0,,0,0,0,0.1,,0,0,0,0.1,0,0,0,0,0,0,0,0,0,0,0,0,0,0,0.2,0,0,0,0,0,0,0,0,0,0,0,0,0,0,0,0,0,0,0,0,0
Meat_Aquatic_Mammals,,,,,,,,,,,,,,,,,,,,,,,,,,,,,0,,,0,,,,,,,,,,,,,,,,,,,,,,,,,,,,,,,,,,,,,,,,,,,,,,,,,,,,,,,,,,,,,,,,,,,,,,,,,,,,,,,,,,,,,,,,,,,,0,,,,,,,,,,,,,,,,,,,,,,,,,,,,,,,,,,,,,,,,,,,,,,,,,,,,,
Aquatic_Animals_Others,0,,0,,0,,0,0,0,0,0,,0,0,,0,,,0,,0,0,0,,,0,0,,0,,0,0.1,0.1,,,0,0,0,0,0,0,0,0,,0,0,0,0,0,0,,,0,,0,0,0,0,0,,0,0,,0,0,,0,,,,0,0,0,0,0,0,0,,0,0,0,,0,0,0.1,0,,,0,,,0,0,0,0,0,,0,0,,0,0,0.1,0,,,,0,0.1,0,,0,0.1,0.1,0,0,,,0,,,0,,0,0,0,0,0.1,0,0,0,,,,,0.1,,,0,0,0.1,,0,0,0,0,0,0,,,,0,,,,0.2,0,0,0,,,0,0,,0,0,0,0,0,0,,0,0,0,0,,
Aquatic_Plants,0,0,0,0,0,0,0,0,0,0,0,0,0,0,0,0,,0,0,0,0,0,0,0,,,0,0,0,,,0,0.6,0,,,0,0,0,0,0,0,0,0,0,0,0,0,0,0,0,0,0,0,0,0,0,0,,,0,0,0,0,0,0,0,,,0,0,0,0,0,0,0,0,0,0,0,0.2,0,0,0,0,0,0,0,0,0,0,,0,0,0,0,,0,0,0,0,,0,0,0,,0,0,0,0,0,0,0,0,0,0,0,0,0,,0,0,0,0,0,0,0,1.3,0,0,0,,0,0,0,0,,0,0,0,0,0,0,0,0,0,0,0,0,0,0,0,0,0,0,0,0,0,,0,0,0,,0,0,0,0,0,0,0,0,0,0,0,0,0,0
Miscellaneous__Total,0.1,0.2,0.1,0.4,0.1,0.1,0.3,0.2,0.1,3.2,0,1.8,0.2,,0.7,0.1,0.8,0.1,0.3,0.7,0,1.6,0.1,0,0,0.6,0.1,0.1,0.4,0,0,0,0,0,0.1,0.1,0.2,0,,0,0.9,0.2,,0,0,0.4,0.3,0.4,0.2,0.1,0.5,0,0,0,0.1,0.7,0.1,1.9,0.5,0,0.2,0,0,0.9,0.5,0.2,0.1,0.1,0.4,0,0.6,0.1,0.8,0,0,0,0,0,0.2,0.4,0.1,0.1,0.3,0,0.1,1,0.2,0.1,0.4,0.5,0,0.1,0.4,0.3,0.5,0,0,0.6,0.5,0,0.4,0.1,0.5,0,0.2,0.6,0.1,0.1,0,0.1,0,0,0.7,1.4,0,0.5,0.1,0.1,1.5,0,0,0.8,0.1,0.1,0.1,0,0.2,0,0.2,0.2,0.1,0.1,2.4,0.6,1.6,0.5,0.2,0.8,0,0,0.6,0,0.4,0.3,0.2,0,0,0,1.4,0.9,0.3,0.4,0,0.1,,0.1,0.1,0.3,0.1,1.2,0.1,0,0,0,0.1,0.6,0.6,0,0,0.3,0,0.2,0.3,0.1,0.1,0,0
