"","LocYrWNTC","LocYrWNTCCO2.x","Yield.x","Zn.x","Fe.x","protein.x","CO2.x","watering.x","fert.x","Loc.x","Yr.x","TOS.x","Cv.x","LocYrWNTCCO2.y","Yield.y","Zn.y","Fe.y","protein.y","CO2.y","watering.y","fert.y","Loc.y","Yr.y","TOS.y","Cv.y","RRYield","RRZn","RRFe","RRprotein"
"1","Horsham__Australia 2007 127 Low TOS_2 Janz ","Horsham__Australia 2007 127 Low TOS_2 Janz aCO2",195.375,29.6325,37.235,13.505,"aCO2","127","Low","Horsham__Australia","2007","TOS_2","Janz","Horsham__Australia 2007 127 Low TOS_2 Janz eCO2",198.05,32.08,36.44,13.1125,"eCO2","127","Low","Horsham__Australia","2007","TOS_2","Janz",0.98649330977026,0.923706359102244,1.02181668496158,1.02993326978074
"2","Horsham__Australia 2007 127 Low TOS_2 Yitpi ","Horsham__Australia 2007 127 Low TOS_2 Yitpi aCO2",202.975,33.49,41.155,14.0525,"aCO2","127","Low","Horsham__Australia","2007","TOS_2","Yitpi","Horsham__Australia 2007 127 Low TOS_2 Yitpi eCO2",220.5,32.27,37.51,13.3825,"eCO2","127","Low","Horsham__Australia","2007","TOS_2","Yitpi",0.920521541950113,1.03780601177564,1.09717408691016,1.05006538389688
"3","Horsham__Australia 2007 127 Medium TOS_2 Yitpi ","Horsham__Australia 2007 127 Medium TOS_2 Yitpi aCO2",207.275,31.4175,39.785,13.895,"aCO2","127","Medium","Horsham__Australia","2007","TOS_2","Yitpi","Horsham__Australia 2007 127 Medium TOS_2 Yitpi eCO2",208.675,32.975,38.7225,13.85,"eCO2","127","Medium","Horsham__Australia","2007","TOS_2","Yitpi",0.993291002755481,0.952767247915087,1.02743882755504,1.00324909747292
"4","Horsham__Australia 2007 175 Low TOS_2 Janz ","Horsham__Australia 2007 175 Low TOS_2 Janz aCO2",216.375,35.625,35.8525,13.5425,"aCO2","175","Low","Horsham__Australia","2007","TOS_2","Janz","Horsham__Australia 2007 175 Low TOS_2 Janz eCO2",310.725,31.8075,35.11,13.245,"eCO2","175","Low","Horsham__Australia","2007","TOS_2","Janz",0.696355298093169,1.1200188634756,1.02114782113358,1.02246130615327
"5","Horsham__Australia 2007 175 Low TOS_2 Yitpi ","Horsham__Australia 2007 175 Low TOS_2 Yitpi aCO2",232.625,37.675,39.7675,14.035,"aCO2","175","Low","Horsham__Australia","2007","TOS_2","Yitpi","Horsham__Australia 2007 175 Low TOS_2 Yitpi eCO2",296.575,36.3925,36.7975,13.4075,"eCO2","175","Low","Horsham__Australia","2007","TOS_2","Yitpi",0.784371575486808,1.03524077763275,1.08071200489164,1.04680216296849
"6","Horsham__Australia 2007 175 Medium TOS_2 Yitpi ","Horsham__Australia 2007 175 Medium TOS_2 Yitpi aCO2",208.825,37.43,38.495,13.815,"aCO2","175","Medium","Horsham__Australia","2007","TOS_2","Yitpi","Horsham__Australia 2007 175 Medium TOS_2 Yitpi eCO2",341.95,31.76,37.1325,13.3375,"eCO2","175","Medium","Horsham__Australia","2007","TOS_2","Yitpi",0.61068869717795,1.17852644836272,1.03669292398842,1.03580131208997
"7","Horsham__Australia 2007 181 Low TOS_1 Janz ","Horsham__Australia 2007 181 Low TOS_1 Janz aCO2",259.975,28.11,33.8775,14.24,"aCO2","181","Low","Horsham__Australia","2007","TOS_1","Janz","Horsham__Australia 2007 181 Low TOS_1 Janz eCO2",272.275,31.275,30.68,13.8575,"eCO2","181","Low","Horsham__Australia","2007","TOS_1","Janz",0.954825084932513,0.898800959232614,1.10422099087353,1.02760238138192
"8","Horsham__Australia 2007 181 Low TOS_1 Yitpi ","Horsham__Australia 2007 181 Low TOS_1 Yitpi aCO2",253.45,31.6275,34.49,13.9575,"aCO2","181","Low","Horsham__Australia","2007","TOS_1","Yitpi","Horsham__Australia 2007 181 Low TOS_1 Yitpi eCO2",308.175,31.2425,31.35,13.295,"eCO2","181","Low","Horsham__Australia","2007","TOS_1","Yitpi",0.822422324977691,1.0123229575098,1.10015948963317,1.0498307634449
"9","Horsham__Australia 2007 181 Medium TOS_1 Yitpi ","Horsham__Australia 2007 181 Medium TOS_1 Yitpi aCO2",266.7,34.5725,32.335,14.3025,"aCO2","181","Medium","Horsham__Australia","2007","TOS_1","Yitpi","Horsham__Australia 2007 181 Medium TOS_1 Yitpi eCO2",332.75,26.6625,31.97,13.98,"eCO2","181","Medium","Horsham__Australia","2007","TOS_1","Yitpi",0.801502629601803,1.2966713548992,1.01141695339381,1.0230686695279
"10","Horsham__Australia 2007 229 Low TOS_1 Janz ","Horsham__Australia 2007 229 Low TOS_1 Janz aCO2",343.9,27.79,29.595,13.22,"aCO2","229","Low","Horsham__Australia","2007","TOS_1","Janz","Horsham__Australia 2007 229 Low TOS_1 Janz eCO2",428.75,27.9825,27.6075,12.6,"eCO2","229","Low","Horsham__Australia","2007","TOS_1","Janz",0.802099125364431,0.993120700437774,1.07199130671013,1.04920634920635
"11","Horsham__Australia 2007 229 Low TOS_1 Yitpi ","Horsham__Australia 2007 229 Low TOS_1 Yitpi aCO2",352.5,28.9,31.895,13.2275,"aCO2","229","Low","Horsham__Australia","2007","TOS_1","Yitpi","Horsham__Australia 2007 229 Low TOS_1 Yitpi eCO2",399.75,32.355,30.975,12.98,"eCO2","229","Low","Horsham__Australia","2007","TOS_1","Yitpi",0.881801125703565,0.893215886261783,1.02970137207425,1.01906779661017
"12","Horsham__Australia 2007 229 Medium TOS_1 Yitpi ","Horsham__Australia 2007 229 Medium TOS_1 Yitpi aCO2",309.7,27.3575,32.2875,13.765,"aCO2","229","Medium","Horsham__Australia","2007","TOS_1","Yitpi","Horsham__Australia 2007 229 Medium TOS_1 Yitpi eCO2",416.1,28.76,28.7975,13.175,"eCO2","229","Medium","Horsham__Australia","2007","TOS_1","Yitpi",0.744292237442922,0.951234353268428,1.1211910756142,1.04478178368121
"13","Horsham__Australia 2008 107 Low TOS_1 Janz ","Horsham__Australia 2008 107 Low TOS_1 Janz aCO2",259.46,26.0125,46.225,16.745,"aCO2","107","Low","Horsham__Australia","2008","TOS_1","Janz","Horsham__Australia 2008 107 Low TOS_1 Janz eCO2",301.7975,28.745,47.755,15.7975,"eCO2","107","Low","Horsham__Australia","2008","TOS_1","Janz",0.859715537736396,0.904939989563402,0.967961470003141,1.05997784459566
"14","Horsham__Australia 2008 107 Low TOS_1 Yitpi ","Horsham__Australia 2008 107 Low TOS_1 Yitpi aCO2",370.4325,25.325,44.5175,14.78,"aCO2","107","Low","Horsham__Australia","2008","TOS_1","Yitpi","Horsham__Australia 2008 107 Low TOS_1 Yitpi eCO2",454.94,22.9475,43.2375,14.3375,"eCO2","107","Low","Horsham__Australia","2008","TOS_1","Yitpi",0.814244735569526,1.10360605730472,1.02960393177219,1.0308631211857
"15","Horsham__Australia 2008 107 Medium TOS_1 Yitpi ","Horsham__Australia 2008 107 Medium TOS_1 Yitpi aCO2",312.08,29.27,44.8,15.6075,"aCO2","107","Medium","Horsham__Australia","2008","TOS_1","Yitpi","Horsham__Australia 2008 107 Medium TOS_1 Yitpi eCO2",457.6175,25.135,44.5075,14.86,"eCO2","107","Medium","Horsham__Australia","2008","TOS_1","Yitpi",0.681966926527067,1.16451163715934,1.00657192607987,1.05030282637954
"16","Horsham__Australia 2008 130 Low TOS_2 Janz ","Horsham__Australia 2008 130 Low TOS_2 Janz aCO2",149.7825,37.5925,38.7925,17.2725,"aCO2","130","Low","Horsham__Australia","2008","TOS_2","Janz","Horsham__Australia 2008 130 Low TOS_2 Janz eCO2",123.7575,35.8875,40.545,16.735,"eCO2","130","Low","Horsham__Australia","2008","TOS_2","Janz",1.21029028543725,1.04750957854406,0.956776421260328,1.03211831490887
"17","Horsham__Australia 2008 130 Low TOS_2 Yitpi ","Horsham__Australia 2008 130 Low TOS_2 Yitpi aCO2",194.675,29.745,35.725,15.455,"aCO2","130","Low","Horsham__Australia","2008","TOS_2","Yitpi","Horsham__Australia 2008 130 Low TOS_2 Yitpi eCO2",203.555,32.67,36.21,15.7925,"eCO2","130","Low","Horsham__Australia","2008","TOS_2","Yitpi",0.956375426788829,0.910468319559229,0.986605909969622,0.978629096089916
"18","Horsham__Australia 2008 130 Medium TOS_2 Yitpi ","Horsham__Australia 2008 130 Medium TOS_2 Yitpi aCO2",200.5075,33.75,35.325,16.1325,"aCO2","130","Medium","Horsham__Australia","2008","TOS_2","Yitpi","Horsham__Australia 2008 130 Medium TOS_2 Yitpi eCO2",232.865,30.4275,36.5975,15.1775,"eCO2","130","Medium","Horsham__Australia","2008","TOS_2","Yitpi",0.861046099671483,1.10919398570372,0.965229865427966,1.06292208861802
"19","Horsham__Australia 2008 137 Low TOS_1 Janz ","Horsham__Australia 2008 137 Low TOS_1 Janz aCO2",262.585,31.215,42.91,17.1325,"aCO2","137","Low","Horsham__Australia","2008","TOS_1","Janz","Horsham__Australia 2008 137 Low TOS_1 Janz eCO2",467.83,21.4075,38.9875,15.1775,"eCO2","137","Low","Horsham__Australia","2008","TOS_1","Janz",0.561282944659385,1.45813383160107,1.10060916960564,1.12880909240652
"20","Horsham__Australia 2008 137 Low TOS_1 Yitpi ","Horsham__Australia 2008 137 Low TOS_1 Yitpi aCO2",402.9475,28.9375,41.825,16.31,"aCO2","137","Low","Horsham__Australia","2008","TOS_1","Yitpi","Horsham__Australia 2008 137 Low TOS_1 Yitpi eCO2",556.385,23.5375,38.535,13.9175,"eCO2","137","Low","Horsham__Australia","2008","TOS_1","Yitpi",0.724224233219803,1.22942113648433,1.08537693006358,1.17190587389977
"21","Horsham__Australia 2008 137 Medium TOS_1 Yitpi ","Horsham__Australia 2008 137 Medium TOS_1 Yitpi aCO2",341.4825,31.095,43.12,16.73,"aCO2","137","Medium","Horsham__Australia","2008","TOS_1","Yitpi","Horsham__Australia 2008 137 Medium TOS_1 Yitpi eCO2",458.72,25.115,40.8325,14.7775,"eCO2","137","Medium","Horsham__Australia","2008","TOS_1","Yitpi",0.744424703522846,1.23810471829584,1.05602155146023,1.13212654373203
"22","Horsham__Australia 2008 75 Low TOS_2 Janz ","Horsham__Australia 2008 75 Low TOS_2 Janz aCO2",128.02,31.6825,38.675,15.925,"aCO2","75","Low","Horsham__Australia","2008","TOS_2","Janz","Horsham__Australia 2008 75 Low TOS_2 Janz eCO2",203.346666666667,24.56,35.9166666666667,15.3566666666667,"eCO2","75","Low","Horsham__Australia","2008","TOS_2","Janz",0.629565274408236,1.29000407166124,1.07679814385151,1.03700889950076
"23","Horsham__Australia 2008 75 Low TOS_2 Yitpi ","Horsham__Australia 2008 75 Low TOS_2 Yitpi aCO2",190.665,28.64,37.52,14.9875,"aCO2","75","Low","Horsham__Australia","2008","TOS_2","Yitpi","Horsham__Australia 2008 75 Low TOS_2 Yitpi eCO2",169.395,29.63,38.295,15.0825,"eCO2","75","Low","Horsham__Australia","2008","TOS_2","Yitpi",1.12556450898787,0.966587917651029,0.979762371066719,0.993701309464611
"24","Horsham__Australia 2008 75 Medium TOS_2 Yitpi ","Horsham__Australia 2008 75 Medium TOS_2 Yitpi aCO2",154.7,30.855,36.32,15.19,"aCO2","75","Medium","Horsham__Australia","2008","TOS_2","Yitpi","Horsham__Australia 2008 75 Medium TOS_2 Yitpi eCO2",115.595,32.2975,38.51,16.475,"eCO2","75","Medium","Horsham__Australia","2008","TOS_2","Yitpi",1.33829317877071,0.955337100394767,0.943131654115814,0.922003034901366
"25","Horsham__Australia 2009 187 Low TOS_2 Drysdale ","Horsham__Australia 2009 187 Low TOS_2 Drysdale aCO2",125.21,43.5975,46.6875,16.1775,"aCO2","187","Low","Horsham__Australia","2009","TOS_2","Drysdale","Horsham__Australia 2009 187 Low TOS_2 Drysdale eCO2",222.4925,26.9975,44.1275,14.92,"eCO2","187","Low","Horsham__Australia","2009","TOS_2","Drysdale",0.562760542490196,1.61487174738402,1.05801371027137,1.08428284182306
"26","Horsham__Australia 2009 187 Low TOS_2 Gladius ","Horsham__Australia 2009 187 Low TOS_2 Gladius aCO2",100.54,37.5525,49.175,17.7275,"aCO2","187","Low","Horsham__Australia","2009","TOS_2","Gladius","Horsham__Australia 2009 187 Low TOS_2 Gladius eCO2",143.8175,28.24,41.72,15.5575,"eCO2","187","Low","Horsham__Australia","2009","TOS_2","Gladius",0.699080431797243,1.32976274787535,1.17869127516779,1.13948256467941
"27","Horsham__Australia 2009 187 Low TOS_2 H45 ","Horsham__Australia 2009 187 Low TOS_2 H45 aCO2",169.5875,29.005,44.2675,16.9925,"aCO2","187","Low","Horsham__Australia","2009","TOS_2","H45","Horsham__Australia 2009 187 Low TOS_2 H45 eCO2",239.255,24.5825,39.375,14.6925,"eCO2","187","Low","Horsham__Australia","2009","TOS_2","H45",0.708814862803285,1.1799044035391,1.12425396825397,1.15654245363281
"28","Horsham__Australia 2009 187 Low TOS_2 Hartog ","Horsham__Australia 2009 187 Low TOS_2 Hartog aCO2",139.66,40.8725,46.675,16.2475,"aCO2","187","Low","Horsham__Australia","2009","TOS_2","Hartog","Horsham__Australia 2009 187 Low TOS_2 Hartog eCO2",143.1475,27.69,42.6875,14.9175,"eCO2","187","Low","Horsham__Australia","2009","TOS_2","Hartog",0.9756370177614,1.47607439508848,1.09341142020498,1.0891570303335
"29","Horsham__Australia 2009 187 Low TOS_2 Janz ","Horsham__Australia 2009 187 Low TOS_2 Janz aCO2",151.66,31.8175,41.47,16.6125,"aCO2","187","Low","Horsham__Australia","2009","TOS_2","Janz","Horsham__Australia 2009 187 Low TOS_2 Janz eCO2",220.4775,24.2,41.8825,14.795,"eCO2","187","Low","Horsham__Australia","2009","TOS_2","Janz",0.687870644396821,1.31477272727273,0.990151017728168,1.12284555593106
"30","Horsham__Australia 2009 187 Low TOS_2 Silverstar ","Horsham__Australia 2009 187 Low TOS_2 Silverstar aCO2",125.25,34.3775,51.4425,17.255,"aCO2","187","Low","Horsham__Australia","2009","TOS_2","Silverstar","Horsham__Australia 2009 187 Low TOS_2 Silverstar eCO2",205.63,27.205,47.42,16,"eCO2","187","Low","Horsham__Australia","2009","TOS_2","Silverstar",0.609103730000486,1.26364638853152,1.08482707718262,1.0784375
"31","Horsham__Australia 2009 187 Low TOS_2 Yitpi ","Horsham__Australia 2009 187 Low TOS_2 Yitpi aCO2",129.68,33.2966666666667,50.95,17.3233333333333,"aCO2","187","Low","Horsham__Australia","2009","TOS_2","Yitpi","Horsham__Australia 2009 187 Low TOS_2 Yitpi eCO2",206.11,25.5775,44.2625,15.5725,"eCO2","187","Low","Horsham__Australia","2009","TOS_2","Yitpi",0.629178593954684,1.30179519760206,1.15108726348489,1.1124311018355
"32","Horsham__Australia 2009 187 Low TOS_2 Zebu ","Horsham__Australia 2009 187 Low TOS_2 Zebu aCO2",131.99,37.545,52.8875,19.04,"aCO2","187","Low","Horsham__Australia","2009","TOS_2","Zebu","Horsham__Australia 2009 187 Low TOS_2 Zebu eCO2",171.3975,28.955,47.3875,17.12,"eCO2","187","Low","Horsham__Australia","2009","TOS_2","Zebu",0.770081243892122,1.29666724227249,1.11606436296492,1.11214953271028
"33","Horsham__Australia 2009 187 Medium TOS_2 Yitpi ","Horsham__Australia 2009 187 Medium TOS_2 Yitpi aCO2",105.4275,42.815,51.9225,18.3775,"aCO2","187","Medium","Horsham__Australia","2009","TOS_2","Yitpi","Horsham__Australia 2009 187 Medium TOS_2 Yitpi eCO2",204.31,27.3275,47.4575,16.23,"eCO2","187","Medium","Horsham__Australia","2009","TOS_2","Yitpi",0.516017326611522,1.56673680358613,1.09408418058263,1.13231669747381
"34","Horsham__Australia 2009 223 Low TOS_1 Drysdale ","Horsham__Australia 2009 223 Low TOS_1 Drysdale aCO2",258.8425,29.4,41.1725,15.1,"aCO2","223","Low","Horsham__Australia","2009","TOS_1","Drysdale","Horsham__Australia 2009 223 Low TOS_1 Drysdale eCO2",285.0925,32.5275,40.64,14.1,"eCO2","223","Low","Horsham__Australia","2009","TOS_1","Drysdale",0.907924620956356,0.90385058796403,1.01310285433071,1.0709219858156
"35","Horsham__Australia 2009 223 Low TOS_1 Gladius ","Horsham__Australia 2009 223 Low TOS_1 Gladius aCO2",297.605,24.7225,39.255,14.7275,"aCO2","223","Low","Horsham__Australia","2009","TOS_1","Gladius","Horsham__Australia 2009 223 Low TOS_1 Gladius eCO2",315.965,26.85,39.03,14.905,"eCO2","223","Low","Horsham__Australia","2009","TOS_1","Gladius",0.941892298197585,0.920763500931099,1.00576479631053,0.988091244548809
"36","Horsham__Australia 2009 223 Low TOS_1 H45 ","Horsham__Australia 2009 223 Low TOS_1 H45 aCO2",395.366666666667,27.1733333333333,35.54,13.38,"aCO2","223","Low","Horsham__Australia","2009","TOS_1","H45","Horsham__Australia 2009 223 Low TOS_1 H45 eCO2",372.315,24.96,35.94,12.685,"eCO2","223","Low","Horsham__Australia","2009","TOS_1","H45",1.06191441834647,1.08867521367521,0.988870339454647,1.05478912100907
"37","Horsham__Australia 2009 223 Low TOS_1 Hartog ","Horsham__Australia 2009 223 Low TOS_1 Hartog aCO2",222.903333333333,29.7266666666667,39.3666666666667,14.5633333333333,"aCO2","223","Low","Horsham__Australia","2009","TOS_1","Hartog","Horsham__Australia 2009 223 Low TOS_1 Hartog eCO2",205.4375,29.965,41.265,14.3775,"eCO2","223","Low","Horsham__Australia","2009","TOS_1","Hartog",1.08501774667884,0.992046276211135,0.953996526515611,1.01292528835565
"38","Horsham__Australia 2009 223 Low TOS_1 Janz ","Horsham__Australia 2009 223 Low TOS_1 Janz aCO2",285.905,28.56,36.0725,15.2625,"aCO2","223","Low","Horsham__Australia","2009","TOS_1","Janz","Horsham__Australia 2009 223 Low TOS_1 Janz eCO2",336.035,27.035,36.495,14.2375,"eCO2","223","Low","Horsham__Australia","2009","TOS_1","Janz",0.850819111104498,1.05640835953394,0.988423071653651,1.071992976295
"39","Horsham__Australia 2009 223 Low TOS_1 Silverstar ","Horsham__Australia 2009 223 Low TOS_1 Silverstar aCO2",281.3025,26.02,38.5,14.04,"aCO2","223","Low","Horsham__Australia","2009","TOS_1","Silverstar","Horsham__Australia 2009 223 Low TOS_1 Silverstar eCO2",367.96,26.105,36.7975,13.235,"eCO2","223","Low","Horsham__Australia","2009","TOS_1","Silverstar",0.764492064354821,0.996743918789504,1.04626673007677,1.0608235738572
"40","Horsham__Australia 2009 223 Low TOS_1 Yitpi ","Horsham__Australia 2009 223 Low TOS_1 Yitpi aCO2",274.15,28.6525,42.0925,15.205,"aCO2","223","Low","Horsham__Australia","2009","TOS_1","Yitpi","Horsham__Australia 2009 223 Low TOS_1 Yitpi eCO2",292.5375,28.8125,38.1725,14.5625,"eCO2","223","Low","Horsham__Australia","2009","TOS_1","Yitpi",0.937144810494381,0.994446854663774,1.10269172833846,1.04412017167382
"41","Horsham__Australia 2009 223 Low TOS_1 Zebu ","Horsham__Australia 2009 223 Low TOS_1 Zebu aCO2",299.1525,25.1325,41.9525,14.4725,"aCO2","223","Low","Horsham__Australia","2009","TOS_1","Zebu","Horsham__Australia 2009 223 Low TOS_1 Zebu eCO2",432.5225,25.6,40.27,13.5525,"eCO2","223","Low","Horsham__Australia","2009","TOS_1","Zebu",0.691646099335873,0.98173828125,1.0417804817482,1.06788415421509
"42","Horsham__Australia 2009 223 Medium TOS_1 Yitpi ","Horsham__Australia 2009 223 Medium TOS_1 Yitpi aCO2",263.385,33.235,44.0275,16.07,"aCO2","223","Medium","Horsham__Australia","2009","TOS_1","Yitpi","Horsham__Australia 2009 223 Medium TOS_1 Yitpi eCO2",297.1,28.2375,41.15,14.845,"eCO2","223","Medium","Horsham__Australia","2009","TOS_1","Yitpi",0.886519690339953,1.17698096502877,1.06992709599028,1.08251936679016
"43","Horsham__Australia 2009 247 Low TOS_2 Drysdale ","Horsham__Australia 2009 247 Low TOS_2 Drysdale aCO2",126.155,35.325,41.83,15.6375,"aCO2","247","Low","Horsham__Australia","2009","TOS_2","Drysdale","Horsham__Australia 2009 247 Low TOS_2 Drysdale eCO2",188.9225,30.9125,43.1575,15.0775,"eCO2","247","Low","Horsham__Australia","2009","TOS_2","Drysdale",0.667760589659781,1.14274160938132,0.969240572322308,1.03714143591444
"44","Horsham__Australia 2009 247 Low TOS_2 Gladius ","Horsham__Australia 2009 247 Low TOS_2 Gladius aCO2",139.5975,32.5775,46.1825,17.1025,"aCO2","247","Low","Horsham__Australia","2009","TOS_2","Gladius","Horsham__Australia 2009 247 Low TOS_2 Gladius eCO2",191.15,29.965,43.85,15.985,"eCO2","247","Low","Horsham__Australia","2009","TOS_2","Gladius",0.730303426628302,1.08718504922409,1.05319270239453,1.06990928995934
"45","Horsham__Australia 2009 247 Low TOS_2 H45 ","Horsham__Australia 2009 247 Low TOS_2 H45 aCO2",185.5625,31.9,42.8875,16.3175,"aCO2","247","Low","Horsham__Australia","2009","TOS_2","H45","Horsham__Australia 2009 247 Low TOS_2 H45 eCO2",244.5,23.575,36.3075,13.8675,"eCO2","247","Low","Horsham__Australia","2009","TOS_2","H45",0.758946830265849,1.35312831389183,1.18122977346278,1.17667207499549
"46","Horsham__Australia 2009 247 Low TOS_2 Hartog ","Horsham__Australia 2009 247 Low TOS_2 Hartog aCO2",128.4225,38.615,42.865,15.8075,"aCO2","247","Low","Horsham__Australia","2009","TOS_2","Hartog","Horsham__Australia 2009 247 Low TOS_2 Hartog eCO2",174.2425,30.305,42.2725,14.915,"eCO2","247","Low","Horsham__Australia","2009","TOS_2","Hartog",0.737033157811671,1.27421217620855,1.0140162043882,1.05983908816628
"47","Horsham__Australia 2009 247 Low TOS_2 Janz ","Horsham__Australia 2009 247 Low TOS_2 Janz aCO2",175.0275,25.0275,40.135,15.435,"aCO2","247","Low","Horsham__Australia","2009","TOS_2","Janz","Horsham__Australia 2009 247 Low TOS_2 Janz eCO2",258.9275,22.895,33.6875,13.21,"eCO2","247","Low","Horsham__Australia","2009","TOS_2","Janz",0.67597107298375,1.09314260755623,1.19139146567718,1.16843300529902
"48","Horsham__Australia 2009 247 Low TOS_2 Silverstar ","Horsham__Australia 2009 247 Low TOS_2 Silverstar aCO2",131.565,35.49,49,16.9725,"aCO2","247","Low","Horsham__Australia","2009","TOS_2","Silverstar","Horsham__Australia 2009 247 Low TOS_2 Silverstar eCO2",299.95,26.19,43.54,14.7125,"eCO2","247","Low","Horsham__Australia","2009","TOS_2","Silverstar",0.438623103850642,1.35509736540664,1.12540192926045,1.1536108751062
"49","Horsham__Australia 2009 247 Low TOS_2 Yitpi ","Horsham__Australia 2009 247 Low TOS_2 Yitpi aCO2",138.19,36.285,47.5125,17.13,"aCO2","247","Low","Horsham__Australia","2009","TOS_2","Yitpi","Horsham__Australia 2009 247 Low TOS_2 Yitpi eCO2",192.25,29.14,46.4525,16.75,"eCO2","247","Low","Horsham__Australia","2009","TOS_2","Yitpi",0.718803641092328,1.24519560741249,1.02281900866477,1.02268656716418
"50","Horsham__Australia 2009 247 Low TOS_2 Zebu ","Horsham__Australia 2009 247 Low TOS_2 Zebu aCO2",194.46,31.0175,48.0725,16.8375,"aCO2","247","Low","Horsham__Australia","2009","TOS_2","Zebu","Horsham__Australia 2009 247 Low TOS_2 Zebu eCO2",308.2875,26.205,43.1425,15.45,"eCO2","247","Low","Horsham__Australia","2009","TOS_2","Zebu",0.630774844909378,1.18364815874833,1.11427246914296,1.08980582524272
"51","Horsham__Australia 2009 247 Medium TOS_2 Yitpi ","Horsham__Australia 2009 247 Medium TOS_2 Yitpi aCO2",131.025,31.5225,47.375,16.9975,"aCO2","247","Medium","Horsham__Australia","2009","TOS_2","Yitpi","Horsham__Australia 2009 247 Medium TOS_2 Yitpi eCO2",168.365,31.6375,47.4975,16.5025,"eCO2","247","Medium","Horsham__Australia","2009","TOS_2","Yitpi",0.77821993882339,0.996365073093639,0.997420916890363,1.02999545523406
"52","Horsham__Australia 2009 293 Low TOS_1 Drysdale ","Horsham__Australia 2009 293 Low TOS_1 Drysdale aCO2",295.185,30.51,39.9,14.3675,"aCO2","293","Low","Horsham__Australia","2009","TOS_1","Drysdale","Horsham__Australia 2009 293 Low TOS_1 Drysdale eCO2",277.305,33.6,38.9275,14.335,"eCO2","293","Low","Horsham__Australia","2009","TOS_1","Drysdale",1.06447774111538,0.908035714285714,1.02498233896346,1.00226717823509
"53","Horsham__Australia 2009 293 Low TOS_1 Gladius ","Horsham__Australia 2009 293 Low TOS_1 Gladius aCO2",351.0725,28.2725,39.16,15.0925,"aCO2","293","Low","Horsham__Australia","2009","TOS_1","Gladius","Horsham__Australia 2009 293 Low TOS_1 Gladius eCO2",432.1375,30.655,40.8125,14.1975,"eCO2","293","Low","Horsham__Australia","2009","TOS_1","Gladius",0.812409244742703,0.922280215299299,0.959509954058193,1.06303926747667
"54","Horsham__Australia 2009 293 Low TOS_1 H45 ","Horsham__Australia 2009 293 Low TOS_1 H45 aCO2",315.62,29.745,35.985,13.6325,"aCO2","293","Low","Horsham__Australia","2009","TOS_1","H45","Horsham__Australia 2009 293 Low TOS_1 H45 eCO2",451.0225,30.295,35.435,12.1175,"eCO2","293","Low","Horsham__Australia","2009","TOS_1","H45",0.699787704604537,0.981845188975078,1.01552137716947,1.12502578914793
"55","Horsham__Australia 2009 293 Low TOS_1 Hartog ","Horsham__Australia 2009 293 Low TOS_1 Hartog aCO2",252.6375,27.41,40.48,14.51,"aCO2","293","Low","Horsham__Australia","2009","TOS_1","Hartog","Horsham__Australia 2009 293 Low TOS_1 Hartog eCO2",225.365,33.2625,40.06,13.9225,"eCO2","293","Low","Horsham__Australia","2009","TOS_1","Hartog",1.12101479821623,0.824051108605787,1.01048427358962,1.04219788112767
"56","Horsham__Australia 2009 293 Low TOS_1 Janz ","Horsham__Australia 2009 293 Low TOS_1 Janz aCO2",287.6675,30.2925,38.0725,14.9025,"aCO2","293","Low","Horsham__Australia","2009","TOS_1","Janz","Horsham__Australia 2009 293 Low TOS_1 Janz eCO2",401.54,29.2,34.6875,13.9525,"eCO2","293","Low","Horsham__Australia","2009","TOS_1","Janz",0.716410569308164,1.03741438356164,1.09758558558559,1.0680881562444
"57","Horsham__Australia 2009 293 Low TOS_1 Silverstar ","Horsham__Australia 2009 293 Low TOS_1 Silverstar aCO2",366.805,26.6875,39.05,13.45,"aCO2","293","Low","Horsham__Australia","2009","TOS_1","Silverstar","Horsham__Australia 2009 293 Low TOS_1 Silverstar eCO2",367.065,27.0725,36.26,13.0025,"eCO2","293","Low","Horsham__Australia","2009","TOS_1","Silverstar",0.999291678585537,0.985778926955397,1.07694429123001,1.03441645837339
"58","Horsham__Australia 2009 293 Low TOS_1 Yitpi ","Horsham__Australia 2009 293 Low TOS_1 Yitpi aCO2",263.5975,31.0125,41.1325,15.285,"aCO2","293","Low","Horsham__Australia","2009","TOS_1","Yitpi","Horsham__Australia 2009 293 Low TOS_1 Yitpi eCO2",366.5125,29.8475,37.885,14.35,"eCO2","293","Low","Horsham__Australia","2009","TOS_1","Yitpi",0.719204665598036,1.03903174470224,1.08571994192952,1.06515679442509
"59","Horsham__Australia 2009 293 Low TOS_1 Zebu ","Horsham__Australia 2009 293 Low TOS_1 Zebu aCO2",386.83,27.7175,40.1675,13.935,"aCO2","293","Low","Horsham__Australia","2009","TOS_1","Zebu","Horsham__Australia 2009 293 Low TOS_1 Zebu eCO2",484.8175,24.9775,38.6775,13.04,"eCO2","293","Low","Horsham__Australia","2009","TOS_1","Zebu",0.797887865021374,1.10969872885597,1.03852368948355,1.06863496932515
"60","Horsham__Australia 2009 293 Medium TOS_1 Yitpi ","Horsham__Australia 2009 293 Medium TOS_1 Yitpi aCO2",256.6075,34.03,41.36,15.715,"aCO2","293","Medium","Horsham__Australia","2009","TOS_1","Yitpi","Horsham__Australia 2009 293 Medium TOS_1 Yitpi eCO2",305.2625,30.9775,35.7025,14.2525,"eCO2","293","Medium","Horsham__Australia","2009","TOS_1","Yitpi",0.840612587527128,1.09853926236785,1.15846229255654,1.10261357656551
"61","Walpeup__Australia 2008 110 Low TOS_1 Yitpi ","Walpeup__Australia 2008 110 Low TOS_1 Yitpi aCO2",229.135,27.14,27.675,11.52,"aCO2","110","Low","Walpeup__Australia","2008","TOS_1","Yitpi","Walpeup__Australia 2008 110 Low TOS_1 Yitpi eCO2",377.62,21.18,25.7625,10.35,"eCO2","110","Low","Walpeup__Australia","2008","TOS_1","Yitpi",0.606787246438218,1.28139754485364,1.07423580786026,1.11304347826087
"62","Walpeup__Australia 2008 158 Low TOS_2 Yitpi ","Walpeup__Australia 2008 158 Low TOS_2 Yitpi aCO2",179.045,35.155,42.3925,15.9975,"aCO2","158","Low","Walpeup__Australia","2008","TOS_2","Yitpi","Walpeup__Australia 2008 158 Low TOS_2 Yitpi eCO2",278.3,27.195,37.33,14.0375,"eCO2","158","Low","Walpeup__Australia","2008","TOS_2","Yitpi",0.643352497305066,1.29270086412944,1.13561478703456,1.13962600178094
"63","Walpeup__Australia 2009 129 Low TOS_2 Yitpi ","Walpeup__Australia 2009 129 Low TOS_2 Yitpi aCO2",121.9225,29.1575,42.32,15.375,"aCO2","129","Low","Walpeup__Australia","2009","TOS_2","Yitpi","Walpeup__Australia 2009 129 Low TOS_2 Yitpi eCO2",218.165,24.54,35.9125,13.15,"eCO2","129","Low","Walpeup__Australia","2009","TOS_2","Yitpi",0.558854536703871,1.18816218418908,1.17841977027497,1.16920152091255
"64","Walpeup__Australia 2009 232 Low TOS_1 Yitpi ","Walpeup__Australia 2009 232 Low TOS_1 Yitpi aCO2",177.955,22.815,39.9875,12.925,"aCO2","232","Low","Walpeup__Australia","2009","TOS_1","Yitpi","Walpeup__Australia 2009 232 Low TOS_1 Yitpi eCO2",227.0775,21.485,37.8525,11.5,"eCO2","232","Low","Walpeup__Australia","2009","TOS_1","Yitpi",0.783675176977023,1.06190365371189,1.05640314378178,1.12391304347826
